-- Adminer 3.6.3 MySQL dump

SET NAMES utf8;
SET foreign_key_checks = 0;
SET time_zone = 'SYSTEM';
SET sql_mode = 'NO_AUTO_VALUE_ON_ZERO';

DROP TABLE IF EXISTS `articulo`;
CREATE TABLE `articulo` (
  `ARTICULO` varchar(20) NOT NULL,
  `NOMBRE` varchar(128) NOT NULL,
  `ORIGEN_CORP` varchar(1) NOT NULL COMMENT 'Origen Corporativo [T]erceros o [C]orporativo',
  `CLASE_ABC` varchar(1) DEFAULT NULL COMMENT 'clase A o B o C o D',
  `TIPO_ARTICULO` int(11) NOT NULL,
  `TIPO_COD_BARRAS` varchar(10) DEFAULT NULL,
  `CODIGO_BARRAS` varchar(20) DEFAULT NULL,
  `EXISTENCIA_MINIMA` decimal(28,8) NOT NULL,
  `EXISTENCIA_MAXIMA` decimal(28,8) NOT NULL,
  `PUNTO_REORDEN` decimal(28,8) NOT NULL,
  `COSTO_FISCAL` varchar(10) DEFAULT NULL,
  `COSTO_ESTANDAR` decimal(28,8) NOT NULL,
  `COSTO_PROMEDIO` decimal(28,8) NOT NULL,
  `COSTO_ULTIMO` decimal(28,8) NOT NULL,
  `PRECIO_BASE` decimal(28,8) NOT NULL,
  `DESCRIPCION_COMPRA` varchar(128) DEFAULT NULL,
  `IMPUESTO_COMPRA` varchar(4) DEFAULT NULL,
  `BODEGA` varchar(4) DEFAULT NULL,
  `IMP1_AFECTA_COSTO` varchar(1) DEFAULT NULL COMMENT 'Impuesto 1 Afecta el costo S o N',
  `RETENCION_COMPRA` varchar(4) DEFAULT NULL,
  `NOTAS` text,
  `FRECUENCIA_CONTEO` smallint(6) NOT NULL,
  `PESO_NETO` decimal(28,8) NOT NULL,
  `PESO_NETO_UNIDAD` int(11) NOT NULL,
  `PESO_BRUTO` decimal(28,8) NOT NULL,
  `PESO_BRUTO_UNIDAD` int(11) NOT NULL,
  `VOLUMEN` decimal(28,8) NOT NULL,
  `VOLUMEN_UNIDAD` int(11) NOT NULL,
  `UNIDAD_ALMACEN` int(11) NOT NULL,
  `UNIDAD_EMPAQUE` int(11) NOT NULL,
  `UNIDAD_VENTA` int(11) NOT NULL,
  `FACTOR_EMPAQUE` decimal(28,8) NOT NULL,
  `FACTOR_VENTA` decimal(28,8) NOT NULL,
  `IMPUESTO_VENTA` varchar(4) NOT NULL,
  `RETENCION_VENTA` varchar(4) DEFAULT NULL,
  `ACTIVO` varchar(1) NOT NULL,
  `CREADO_POR` varchar(20) NOT NULL,
  `CREADO_EL` datetime NOT NULL,
  `ACTUALIZADO_POR` varchar(20) NOT NULL,
  `ACTUALIZADO_EL` datetime NOT NULL,
  PRIMARY KEY (`ARTICULO`),
  KEY `FK_BODEGA_DEFECTO_ARTICULO` (`BODEGA`),
  KEY `FK_COSTO_FISCAL_ARTICULO` (`COSTO_FISCAL`),
  KEY `FK_IMPUESTO_DE_COMPRA` (`IMPUESTO_COMPRA`),
  KEY `FK_IMPUESTO_VENTA_ARTICULO` (`IMPUESTO_VENTA`),
  KEY `FK_PESO_BRUTO_UND_ARTICULO` (`PESO_BRUTO_UNIDAD`),
  KEY `FK_PESO_NETO_UND_ARTICULO` (`PESO_NETO_UNIDAD`),
  KEY `FK_RETENCION_COMPRA_ARTICULO` (`RETENCION_COMPRA`),
  KEY `FK_RETENCION_VENTA_ARTICULO` (`RETENCION_VENTA`),
  KEY `FK_TIPO_DE_ARTICULO` (`TIPO_ARTICULO`),
  KEY `FK_UNIDAD_ALMACEN_ARTICULO` (`UNIDAD_ALMACEN`),
  KEY `FK_UNIDAD_EMPAQUE_ARTICULO` (`UNIDAD_EMPAQUE`),
  KEY `FK_UNIDAD_VENTA_ARTICULO` (`UNIDAD_VENTA`),
  KEY `FK_VOLUMEN_UND_ARTICULO` (`VOLUMEN_UNIDAD`),
  CONSTRAINT `FK_BODEGA_DEFECTO_ARTICULO` FOREIGN KEY (`BODEGA`) REFERENCES `bodega` (`ID`),
  CONSTRAINT `FK_COSTO_FISCAL_ARTICULO` FOREIGN KEY (`COSTO_FISCAL`) REFERENCES `metodo_valuacion_inv` (`ID`),
  CONSTRAINT `FK_IMPUESTO_DE_COMPRA` FOREIGN KEY (`IMPUESTO_COMPRA`) REFERENCES `impuesto` (`ID`),
  CONSTRAINT `FK_IMPUESTO_VENTA_ARTICULO` FOREIGN KEY (`IMPUESTO_VENTA`) REFERENCES `impuesto` (`ID`),
  CONSTRAINT `FK_PESO_BRUTO_UND_ARTICULO` FOREIGN KEY (`PESO_BRUTO_UNIDAD`) REFERENCES `unidad_medida` (`ID`),
  CONSTRAINT `FK_PESO_NETO_UND_ARTICULO` FOREIGN KEY (`PESO_NETO_UNIDAD`) REFERENCES `unidad_medida` (`ID`),
  CONSTRAINT `FK_RETENCION_COMPRA_ARTICULO` FOREIGN KEY (`RETENCION_COMPRA`) REFERENCES `retencion` (`ID`),
  CONSTRAINT `FK_RETENCION_VENTA_ARTICULO` FOREIGN KEY (`RETENCION_VENTA`) REFERENCES `retencion` (`ID`),
  CONSTRAINT `FK_TIPO_DE_ARTICULO` FOREIGN KEY (`TIPO_ARTICULO`) REFERENCES `tipo_articulo` (`ID`),
  CONSTRAINT `FK_UNIDAD_ALMACEN_ARTICULO` FOREIGN KEY (`UNIDAD_ALMACEN`) REFERENCES `unidad_medida` (`ID`),
  CONSTRAINT `FK_UNIDAD_EMPAQUE_ARTICULO` FOREIGN KEY (`UNIDAD_EMPAQUE`) REFERENCES `unidad_medida` (`ID`),
  CONSTRAINT `FK_UNIDAD_VENTA_ARTICULO` FOREIGN KEY (`UNIDAD_VENTA`) REFERENCES `unidad_medida` (`ID`),
  CONSTRAINT `FK_VOLUMEN_UND_ARTICULO` FOREIGN KEY (`VOLUMEN_UNIDAD`) REFERENCES `unidad_medida` (`ID`)
) ENGINE=InnoDB DEFAULT CHARSET=latin1 COMMENT='almacena los artiuculos del inventario';


DROP TABLE IF EXISTS `articulo_ensamble`;
CREATE TABLE `articulo_ensamble` (
  `ID` int(11) NOT NULL AUTO_INCREMENT,
  `ARTICULO_PADRE` varchar(20) DEFAULT NULL,
  `ARTICULO_HIJO` varchar(20) DEFAULT NULL,
  `CANTIDAD` decimal(28,8) NOT NULL,
  `UNIDAD` int(11) NOT NULL,
  `ACTIVO` varchar(1) NOT NULL,
  `CREADO_POR` varchar(20) NOT NULL,
  `CREADO_EL` datetime NOT NULL,
  `ACTUALIZADO_POR` varchar(20) NOT NULL,
  `ACTUALIZADO_EL` datetime NOT NULL,
  PRIMARY KEY (`ID`),
  KEY `FK_ARTICULO_HIJO` (`ARTICULO_HIJO`),
  KEY `FK_ARTICULO_PADRE` (`ARTICULO_PADRE`),
  KEY `UNIDAD` (`UNIDAD`),
  CONSTRAINT `articulo_ensamble_ibfk_1` FOREIGN KEY (`UNIDAD`) REFERENCES `unidad_medida` (`ID`),
  CONSTRAINT `FK_ARTICULO_HIJO` FOREIGN KEY (`ARTICULO_HIJO`) REFERENCES `articulo` (`ARTICULO`),
  CONSTRAINT `FK_ARTICULO_PADRE` FOREIGN KEY (`ARTICULO_PADRE`) REFERENCES `articulo` (`ARTICULO`)
) ENGINE=InnoDB AUTO_INCREMENT=3 DEFAULT CHARSET=latin1 COMMENT='Almacena los articulos que permiten ensamblar un arituculo t';


DROP TABLE IF EXISTS `articulo_multimedia`;
CREATE TABLE `articulo_multimedia` (
  `ID` int(11) NOT NULL AUTO_INCREMENT,
  `ARTICULO` varchar(20) NOT NULL,
  `TIPO` varchar(3) NOT NULL COMMENT '[IMG] Imagen   --> por ahora esta sera la unica opcion\n            [VID] Video\n            [SWF] Flash\n            [HTML5]  HTML 5',
  `UBICACION` varchar(128) NOT NULL COMMENT 'Ruta donde esta ubicado el recurso, url interna o externa',
  `NOMBRE` varchar(64) DEFAULT NULL COMMENT 'Nombre del recurso',
  `DESCRIPCION` text COMMENT 'Descripcion del recurso',
  `ORDEN` smallint(6) NOT NULL COMMENT 'Orden del recurso dentro de todo el listado de recursos asociados al articulo',
  `ACTIVO` varchar(1) NOT NULL,
  `CREADO_POR` varchar(20) NOT NULL,
  `CREADO_EL` datetime NOT NULL,
  `ACTUALIZADO_POR` varchar(20) NOT NULL,
  `ACTUALIZADO_EL` datetime NOT NULL,
  PRIMARY KEY (`ID`),
  KEY `FK_IMAGEN_ARTICULO` (`ARTICULO`),
  CONSTRAINT `FK_IMAGEN_ARTICULO` FOREIGN KEY (`ARTICULO`) REFERENCES `articulo` (`ARTICULO`)
) ENGINE=InnoDB DEFAULT CHARSET=latin1 COMMENT='Relaciona los articulos con la ubicacion de archivos multime';


DROP TABLE IF EXISTS `articulo_precio`;
CREATE TABLE `articulo_precio` (
  `ID` int(11) NOT NULL AUTO_INCREMENT,
  `ARTICULO` varchar(20) NOT NULL,
  `NIVEL_PRECIO` varchar(12) NOT NULL COMMENT 'identificación alfanumérica del nivel de precio.',
  `PRECIO` decimal(28,8) DEFAULT NULL,
  `ESQUEMA_TRABAJO` varchar(5) DEFAULT NULL,
  `MARGEN_MULTIPLICADOR` decimal(28,8) DEFAULT NULL,
  `ACTIVO` varchar(1) NOT NULL,
  `CREADO_POR` varchar(20) NOT NULL,
  `CREADO_EL` datetime NOT NULL,
  `ACTUALIZADO_POR` varchar(20) NOT NULL,
  `ACTUALIZADO_EL` datetime NOT NULL,
  PRIMARY KEY (`ID`),
  KEY `FK_ARTICULO_AL_Q_PERTENECE_PRECIO` (`ARTICULO`),
  KEY `FK_TIPO_DE_PRECIO_DEL_PRECIO` (`NIVEL_PRECIO`),
  CONSTRAINT `FK_ARTICULO_AL_Q_PERTENECE_PRECIO` FOREIGN KEY (`ARTICULO`) REFERENCES `articulo` (`ARTICULO`),
  CONSTRAINT `FK_TIPO_DE_PRECIO_DEL_PRECIO` FOREIGN KEY (`NIVEL_PRECIO`) REFERENCES `nivel_precio` (`ID`)
) ENGINE=InnoDB AUTO_INCREMENT=140 DEFAULT CHARSET=latin1 COMMENT='Tabla donde se almacena los diferentes precios asociados a l';


DROP TABLE IF EXISTS `articulo_proveedor`;
CREATE TABLE `articulo_proveedor` (
  `ID` int(11) NOT NULL AUTO_INCREMENT,
  `ARTICULO` varchar(20) NOT NULL,
  `PROVEEDOR` varchar(20) NOT NULL,
  `CODIGO_CATALOGO` varchar(20) NOT NULL COMMENT 'Codigo interno que maneja el proveedor para el articulo',
  `NOMBRE_CATALOGO` varchar(254) DEFAULT NULL COMMENT 'Nombre interno que maneja el proveedor para el articulo',
  `ACTIVO` varchar(1) NOT NULL,
  `CREADO_POR` varchar(20) NOT NULL,
  `CREADO_EL` datetime NOT NULL,
  `ACTUALIZADO_POR` varchar(20) NOT NULL,
  `ACTUALIZADO_EL` datetime NOT NULL,
  PRIMARY KEY (`ID`),
  KEY `FK_ARTICULO_QUE_OFRECE_PROVEEDOR` (`ARTICULO`),
  KEY `FK_PROVEEDOR_DEL_ARTICULO` (`PROVEEDOR`),
  CONSTRAINT `FK_ARTICULO_QUE_OFRECE_PROVEEDOR` FOREIGN KEY (`ARTICULO`) REFERENCES `articulo` (`ARTICULO`),
  CONSTRAINT `FK_PROVEEDOR_DEL_ARTICULO` FOREIGN KEY (`PROVEEDOR`) REFERENCES `proveedor` (`PROVEEDOR`)
) ENGINE=InnoDB DEFAULT CHARSET=latin1 COMMENT='Tabla que relaciona los articulos con los proveedores que lo';


DROP TABLE IF EXISTS `bodega`;
CREATE TABLE `bodega` (
  `ID` varchar(4) NOT NULL,
  `DESCRIPCION` varchar(64) NOT NULL COMMENT 'nombre de la bodega',
  `TIPO` varchar(1) NOT NULL COMMENT 'se refiere al tipo de bodega, dependiendo del tipo de artículos que almacene, de esta manera se puede elegir entre consumo, ventas, no disponible.\n            \n            Consumo: Las bodegas de consumo son aquellas en las que normalmente se almacena la ',
  `TELEFONO` varchar(20) DEFAULT NULL,
  `DIRECCION` varchar(128) DEFAULT NULL,
  `ACTIVO` varchar(1) NOT NULL,
  `CREADO_POR` varchar(20) NOT NULL,
  `CREADO_EL` datetime NOT NULL,
  `ACTUALIZADO_POR` varchar(20) NOT NULL,
  `ACTUALIZADO_EL` datetime NOT NULL,
  PRIMARY KEY (`ID`)
) ENGINE=InnoDB DEFAULT CHARSET=latin1 COMMENT='El propósito de la tabla de Bodegas es relacionar los artícu';


DROP TABLE IF EXISTS `cargo`;
CREATE TABLE `cargo` (
  `CARGO` varchar(8) NOT NULL,
  `DESCRIPCION` varchar(64) NOT NULL,
  `SALARIO_MINIMO` decimal(28,8) DEFAULT NULL,
  `SALARIO_INTERMEDIO1` decimal(28,8) DEFAULT NULL,
  `SALARIO_INTERMEDIO2` decimal(28,8) DEFAULT NULL,
  `SALARIO_MAXIMO` decimal(28,8) DEFAULT NULL,
  `SALARIO_ACTUAL` decimal(28,8) DEFAULT NULL,
  `FUNCIONES` text,
  `NOTAS` text,
  `ACTIVO` varchar(1) NOT NULL,
  `CREADO_POR` varchar(20) NOT NULL,
  `CREADO_EL` datetime NOT NULL,
  `ACTUALIZADO_POR` varchar(20) NOT NULL,
  `ACTUALIZADO_EL` datetime NOT NULL,
  PRIMARY KEY (`CARGO`)
) ENGINE=InnoDB DEFAULT CHARSET=latin1 COMMENT='Tabla que almacena los cargos de la empresa';


DROP TABLE IF EXISTS `categoria`;
CREATE TABLE `categoria` (
  `ID` int(11) NOT NULL AUTO_INCREMENT,
  `DESCRIPCION` varchar(64) NOT NULL COMMENT 'nombre la categoria',
  `TIPO` varchar(1) NOT NULL COMMENT '[C]liente o [P]roveedor',
  `ACTIVO` varchar(1) NOT NULL,
  `CREADO_POR` varchar(20) NOT NULL,
  `CREADO_EL` datetime NOT NULL,
  `ACTUALIZADO_POR` varchar(20) NOT NULL,
  `ACTUALIZADO_EL` datetime NOT NULL,
  PRIMARY KEY (`ID`)
) ENGINE=InnoDB AUTO_INCREMENT=2 DEFAULT CHARSET=latin1 COMMENT='Permite almacenar las categorias para los clientes y proveed';


DROP TABLE IF EXISTS `centro_costos`;
CREATE TABLE `centro_costos` (
  `ID` varchar(25) NOT NULL COMMENT 'identificación alfanumérica del centro de costo, la casilla tiene campo para 25 dígitos. Los códigos de los centros de costo se manejan de la misma manera que se manejan los códigos de las cuentas contables, generando centros padre y centros hijos.',
  `DESCRIPCION` varchar(64) NOT NULL COMMENT 'nombre del centro de costo',
  `TIPO` varchar(1) NOT NULL COMMENT 'tipo del centro de costo, puede seleccionar entre los siguientes valores: Gasto, Ingreso o Ambos.',
  `ACTIVO` varchar(1) NOT NULL,
  `CREADO_POR` varchar(20) NOT NULL,
  `CREADO_EL` datetime NOT NULL,
  `ACTUALIZADO_POR` varchar(20) NOT NULL,
  `ACTUALIZADO_EL` datetime NOT NULL,
  PRIMARY KEY (`ID`)
) ENGINE=InnoDB DEFAULT CHARSET=latin1 COMMENT='Esta tabla establece los centros de costo en que está dividi';


DROP TABLE IF EXISTS `clasific_adi_articulo`;
CREATE TABLE `clasific_adi_articulo` (
  `ID` int(11) NOT NULL AUTO_INCREMENT,
  `ARTICULO` varchar(20) NOT NULL,
  `VALOR` int(11) NOT NULL,
  `ACTIVO` varchar(1) NOT NULL,
  `CREADO_POR` varchar(20) NOT NULL,
  `CREADO_EL` datetime DEFAULT NULL,
  `ACTUALIZADO_POR` varchar(20) NOT NULL,
  `ACTUALIZADO_EL` datetime DEFAULT NULL,
  PRIMARY KEY (`ID`),
  KEY `FK_CLASIFICACION_ADI_ARTICULO` (`ARTICULO`),
  KEY `FK_VAL_CLASIF_ADI_ARTICULO` (`VALOR`),
  CONSTRAINT `FK_CLASIFICACION_ADI_ARTICULO` FOREIGN KEY (`ARTICULO`) REFERENCES `articulo` (`ARTICULO`),
  CONSTRAINT `FK_VAL_CLASIF_ADI_ARTICULO` FOREIGN KEY (`VALOR`) REFERENCES `clasificacion_adi_valor` (`ID`)
) ENGINE=InnoDB AUTO_INCREMENT=17 DEFAULT CHARSET=latin1 COMMENT='Clasificaciones adicionales para lo articulos';


DROP TABLE IF EXISTS `clasificacion_adi`;
CREATE TABLE `clasificacion_adi` (
  `ID` varchar(12) NOT NULL,
  `NOMBRE` varchar(64) NOT NULL,
  `OBLIGATORIO` varchar(1) NOT NULL,
  `POSICION` smallint(6) NOT NULL,
  `ACTIVO` varchar(1) NOT NULL,
  `CREADO_POR` varchar(20) NOT NULL,
  `CREADO_EL` datetime NOT NULL,
  `ACTUALIZADO_POR` varchar(20) NOT NULL,
  `ACTUALIZADO_EL` datetime DEFAULT NULL,
  PRIMARY KEY (`ID`)
) ENGINE=InnoDB DEFAULT CHARSET=latin1 COMMENT='Clasificaciones para los articulos';


DROP TABLE IF EXISTS `clasificacion_adi_valor`;
CREATE TABLE `clasificacion_adi_valor` (
  `ID` int(11) NOT NULL AUTO_INCREMENT,
  `CLASIFICACION` varchar(12) NOT NULL,
  `VALOR` varchar(20) NOT NULL,
  `ACTIVO` varchar(1) NOT NULL,
  `CREADO_POR` varchar(20) NOT NULL,
  `CREADO_EL` datetime NOT NULL,
  `ACTUALIZADO_POR` varchar(20) NOT NULL,
  `ACTUALIZADO_EL` datetime DEFAULT NULL,
  PRIMARY KEY (`ID`),
  KEY `FK_CLASIFICACION_DE_LOS_VALORES` (`CLASIFICACION`),
  CONSTRAINT `FK_CLASIFICACION_DE_LOS_VALORES` FOREIGN KEY (`CLASIFICACION`) REFERENCES `clasificacion_adi` (`ID`)
) ENGINE=InnoDB AUTO_INCREMENT=9 DEFAULT CHARSET=latin1 COMMENT='Valores o detalle de las clasificaciones adicionales';


DROP TABLE IF EXISTS `cliente`;
CREATE TABLE `cliente` (
  `CLIENTE` varchar(20) NOT NULL,
  `REGIMEN` varchar(12) DEFAULT NULL,
  `CATEGORIA` int(11) DEFAULT NULL,
  `IMPUESTO` varchar(4) DEFAULT NULL,
  `NIT` varchar(12) DEFAULT NULL COMMENT 'identificación alfanumérica del departamento, la casilla tiene campo para 10 dígitos.',
  `TIPO_PRECIO` varchar(12) DEFAULT NULL COMMENT 'identificación alfanumérica del nivel de precio.',
  `CONDICION_PAGO` varchar(4) DEFAULT NULL COMMENT 'identificación alfanumérica de la condicion de pago',
  `PAIS` varchar(4) DEFAULT NULL,
  `UBICACION_GEOGRAFICA1` varchar(2) DEFAULT NULL,
  `UBICACION_GEOGRAFICA2` varchar(5) DEFAULT NULL,
  `ZONA` int(11) DEFAULT NULL,
  `CIUDAD` varchar(64) DEFAULT NULL,
  `NOMBRE` varchar(64) NOT NULL,
  `FECHA_INGRESO` date DEFAULT NULL,
  `ALIAS` varchar(64) DEFAULT NULL,
  `CONTACTO` varchar(64) DEFAULT NULL,
  `CARGO` varchar(32) DEFAULT NULL,
  `TELEFONO1` varchar(16) DEFAULT NULL,
  `TELEFONO2` varchar(16) DEFAULT NULL,
  `FAX` varchar(16) DEFAULT NULL,
  `INTERES_CORRIENTE` decimal(28,8) DEFAULT NULL,
  `INTERES_MORA` decimal(28,8) DEFAULT NULL,
  `DESCUENTO` decimal(28,8) DEFAULT NULL,
  `LIMITE_CREDITO` decimal(28,8) DEFAULT NULL,
  `EMAIL` varchar(128) DEFAULT NULL,
  `SITIO_WEB` varchar(128) DEFAULT NULL,
  `DIRECCION_COBRO` varchar(128) DEFAULT NULL,
  `DIRECCION_EMBARQUE` varchar(128) DEFAULT NULL,
  `RUBRO1_FA` varchar(64) DEFAULT NULL,
  `RUBRO2_FA` varchar(64) DEFAULT NULL,
  `RUBRO3_FA` varchar(64) DEFAULT NULL,
  `RUBRO4_FA` varchar(64) DEFAULT NULL,
  `RUBRO5_FA` varchar(64) DEFAULT NULL,
  `RUBRO1_CC` varchar(64) DEFAULT NULL,
  `RUBRO2_CC` varchar(64) DEFAULT NULL,
  `RUBRO3_CC` varchar(64) DEFAULT NULL,
  `RUBRO4_CC` varchar(64) DEFAULT NULL,
  `RUBRO5_CC` varchar(64) DEFAULT NULL,
  `ACTIVO` varchar(1) NOT NULL,
  `CREADO_POR` varchar(20) NOT NULL,
  `CREADO_EL` datetime NOT NULL,
  `ACTUALIZADO_POR` varchar(20) NOT NULL,
  `ACTUALIZADO_EL` datetime NOT NULL,
  PRIMARY KEY (`CLIENTE`),
  KEY `FK_CATEGORIA_CLIENTE` (`CATEGORIA`),
  KEY `FK_CONDICION_PAGO` (`CONDICION_PAGO`),
  KEY `FK_CONTRIBUYENTE` (`NIT`),
  KEY `FK_IMPUESTO_CLIENTE` (`IMPUESTO`),
  KEY `FK_PAIS` (`PAIS`),
  KEY `FK_TIPO_DE_PRECIO_DEFECTO` (`TIPO_PRECIO`),
  KEY `FK_UBICACION_GEOGRAFICA1` (`UBICACION_GEOGRAFICA1`),
  KEY `FK_UBICACION_GEOGRAFICA2` (`UBICACION_GEOGRAFICA2`),
  KEY `FK_ZONA_CLIENTE` (`ZONA`),
  KEY `FK_REGIMEN` (`REGIMEN`),
  CONSTRAINT `FK_CATEGORIA_CLIENTE` FOREIGN KEY (`CATEGORIA`) REFERENCES `categoria` (`ID`),
  CONSTRAINT `FK_CONDICION_PAGO` FOREIGN KEY (`CONDICION_PAGO`) REFERENCES `codicion_pago` (`ID`),
  CONSTRAINT `FK_CONTRIBUYENTE` FOREIGN KEY (`NIT`) REFERENCES `nit` (`ID`),
  CONSTRAINT `FK_IMPUESTO_CLIENTE` FOREIGN KEY (`IMPUESTO`) REFERENCES `impuesto` (`ID`),
  CONSTRAINT `FK_PAIS` FOREIGN KEY (`PAIS`) REFERENCES `pais` (`ID`),
  CONSTRAINT `FK_REGIMEN` FOREIGN KEY (`REGIMEN`) REFERENCES `regimen_tributario` (`REGIMEN`),
  CONSTRAINT `FK_TIPO_DE_PRECIO_DEFECTO` FOREIGN KEY (`TIPO_PRECIO`) REFERENCES `nivel_precio` (`ID`),
  CONSTRAINT `FK_UBICACION_GEOGRAFICA1` FOREIGN KEY (`UBICACION_GEOGRAFICA1`) REFERENCES `ubicacion_geografica1` (`ID`),
  CONSTRAINT `FK_UBICACION_GEOGRAFICA2` FOREIGN KEY (`UBICACION_GEOGRAFICA2`) REFERENCES `ubicacion_geografica2` (`ID`),
  CONSTRAINT `FK_ZONA_CLIENTE` FOREIGN KEY (`ZONA`) REFERENCES `zona` (`ID`)
) ENGINE=InnoDB DEFAULT CHARSET=latin1 COMMENT='Tabla que almacena la informaciòn de los clientes';


DROP TABLE IF EXISTS `codicion_pago`;
CREATE TABLE `codicion_pago` (
  `ID` varchar(4) NOT NULL COMMENT 'identificación alfanumérica de la condicion de pago',
  `DESCRIPCION` varchar(64) NOT NULL COMMENT 'nombre de la forma de pago.',
  `DIAS_NETO` int(11) NOT NULL COMMENT 'cantidad máxima de días de crédito que acepta la condición',
  `ACTIVO` varchar(1) NOT NULL,
  `CREADO_POR` varchar(20) NOT NULL,
  `CREADO_EL` datetime NOT NULL,
  `ACTUALIZADO_POR` varchar(20) NOT NULL,
  `ACTUALIZADO_EL` datetime NOT NULL,
  PRIMARY KEY (`ID`)
) ENGINE=InnoDB DEFAULT CHARSET=latin1 COMMENT='El propósito de la tabla de Condiciones de Pago, es definir ';


DROP TABLE IF EXISTS `compania`;
CREATE TABLE `compania` (
  `ID` int(11) NOT NULL AUTO_INCREMENT,
  `NOMBRE` varchar(128) NOT NULL,
  `NOMBRE_ABREV` varchar(64) NOT NULL,
  `NIT` varchar(20) DEFAULT NULL,
  `REGIMEN_TRIBUTARIO` varchar(12) DEFAULT NULL,
  `UBICACION_GEOGRAFICA1` varchar(2) DEFAULT NULL,
  `UBICACION_GEOGRAFICA2` varchar(5) DEFAULT NULL,
  `PAIS` varchar(4) DEFAULT NULL,
  `DIRECCION` varchar(256) DEFAULT NULL,
  `TELEFONO1` varchar(20) DEFAULT NULL,
  `TELEFONO2` varchar(20) DEFAULT NULL,
  `LOGO` varchar(128) DEFAULT NULL,
  `CREADO_POR` varchar(20) NOT NULL,
  `CREADO_EL` datetime NOT NULL,
  `ACTUALIZADO_POR` varchar(20) NOT NULL,
  `ACTUALIZADO_EL` datetime NOT NULL,
  PRIMARY KEY (`ID`),
  KEY `FK_PAIS_DE_LA_COMPANIA` (`PAIS`),
  KEY `FK_UBICACION_GEOGRAFICA_COMPANIA` (`UBICACION_GEOGRAFICA2`),
  KEY `UBICACION_GEOGRAFICA1` (`UBICACION_GEOGRAFICA1`),
  KEY `REGIMEN_TRIBUTARIO` (`REGIMEN_TRIBUTARIO`),
  CONSTRAINT `compania_ibfk_1` FOREIGN KEY (`UBICACION_GEOGRAFICA1`) REFERENCES `ubicacion_geografica1` (`ID`),
  CONSTRAINT `compania_ibfk_2` FOREIGN KEY (`REGIMEN_TRIBUTARIO`) REFERENCES `regimen_tributario` (`REGIMEN`),
  CONSTRAINT `FK_PAIS_DE_LA_COMPANIA` FOREIGN KEY (`PAIS`) REFERENCES `pais` (`ID`),
  CONSTRAINT `FK_UBICACION_GEOGRAFICA_COMPANIA` FOREIGN KEY (`UBICACION_GEOGRAFICA2`) REFERENCES `ubicacion_geografica2` (`ID`)
) ENGINE=InnoDB AUTO_INCREMENT=31 DEFAULT CHARSET=latin1 COMMENT='Almacena los datos de la empresa o compañia';


DROP TABLE IF EXISTS `conf_as`;
CREATE TABLE `conf_as` (
  `ID` int(11) NOT NULL AUTO_INCREMENT,
  `IMPUESTO1_DESC` varchar(10) DEFAULT NULL COMMENT 'Se debe digitar el nombre que se desea aparezca en los reportes bajo el concepto de impuesto 1. Generalmente se utiliza “Consumo” o “Servicio”. No existe una tabla asociada a este campo, solamente es un campo de texto en el cual el usuario indica al siste',
  `IMPUESTO2_DESC` varchar(10) DEFAULT NULL COMMENT 'Se debe digitar el nombre que se desea aparezca en los reportes bajo el concepto de impuesto 2. Generalmente se utiliza "Ventas", pero si existen otros varios tipos de impuestos, se recomienda definir el mismo como Otros para poder utilizarlo de comodín. ',
  `PATRON_CCOSTO` varchar(25) DEFAULT NULL COMMENT 'es el formato que se utiliza para definir el código de los Centros de Costo. La idea del patrón, es organizar los centros de costo por niveles, su funcionalidad es similar a lo que se definirá para las cuentas contables. Así por ej',
  `SIMBOLO_MONEDA` varchar(3) DEFAULT NULL,
  `PORCENTAJE_DEC` smallint(6) DEFAULT NULL,
  `CREADO_POR` varchar(20) NOT NULL,
  `CREADO_EL` datetime NOT NULL,
  `ACTUALIZADO_POR` varchar(20) NOT NULL,
  `ACTUALIZADO_EL` datetime NOT NULL,
  PRIMARY KEY (`ID`)
) ENGINE=InnoDB AUTO_INCREMENT=2 DEFAULT CHARSET=latin1 COMMENT='Tabla que almacena la configuración para el modulo administr';


DROP TABLE IF EXISTS `conf_ci`;
CREATE TABLE `conf_ci` (
  `ID` int(11) NOT NULL,
  `COSTOS_DEC` smallint(6) NOT NULL COMMENT 'Numero de decimales para los costos',
  `EXISTENCIAS_DEC` smallint(6) NOT NULL COMMENT 'Numero de decimales para existencias',
  `PESOS_DEC` smallint(6) NOT NULL COMMENT 'Numero de decimales para el peso de los articulos',
  `COSTO_FISCAL` varchar(10) NOT NULL COMMENT 'costo por omision fiscal            ',
  `COSTO_INGR_DEFAULT` varchar(1) NOT NULL COMMENT 'Costo para ingresos especiales [U]ltimo, [P]romedio o [F]iscal',
  `UNIDAD_PESO` int(11) NOT NULL COMMENT 'unidad de medida que se utilizará para definir el peso de los artículos en inventario',
  `UNIDAD_VOLUMEN` int(11) NOT NULL COMMENT 'unidad de medida que se utilizará para definir el volumen o espacio que ocupan los artículos en el inventario',
  `EXIST_DISPONIBLE` varchar(10) NOT NULL COMMENT 'tipos de existencias que se considerarán para calcular la existencia total de un artículo, se pueden marcar 3 opciones [DIS]ponible, [REM]itida, [RES]ervada, se guardaran separadas por coma en este campo',
  `EXIST_REMITIDA` varchar(3) NOT NULL,
  `EXIST_RESERVADA` varchar(3) NOT NULL,
  `EXIST_CUARENTENA` varchar(3) NOT NULL,
  `EXIST_VENCIDA` varchar(3) NOT NULL,
  `INTEGRACION_CONTA` varchar(1) NOT NULL COMMENT 'Integracion del modulo de inventarios con el modulo contable Si o No',
  `USA_CODIGO_BARRAS` varchar(1) NOT NULL COMMENT 'El sistema utilizará codigo de barras Si o No',
  `LINEAS_MAX_TRANS` int(11) NOT NULL COMMENT 'Número máximo de líneas',
  `USA_UNIDADES_DIST` varchar(1) NOT NULL COMMENT 'Unidades de Distribución: permite que se utilicen las unidades de distribución. Si o No',
  `ASISTENCIA_AUTOMAT` varchar(1) DEFAULT NULL COMMENT 'Asistencia Automática, la asistencia automática en los códigos de barras consiste en un mecanismo el cual puede auxiliar tanto la creación como la validación de los códigos de barras.  Si o No',
  `USA_CODIGO_EAN13` varchar(1) DEFAULT NULL COMMENT 'Si o No',
  `USA_CODIGO_EAN8` varchar(1) DEFAULT NULL COMMENT 'Si o No',
  `USA_CODIGO_UCC12` varchar(1) DEFAULT NULL COMMENT 'Si o No',
  `USA_CODIGO_UCC8` varchar(1) DEFAULT NULL COMMENT 'Si o No',
  `EAN13_REGLA_LOCAL` varchar(18) DEFAULT NULL COMMENT 'codigos fijo de reglas locales para ean 13',
  `EAN8_REGLA_LOCAL` varchar(3) DEFAULT NULL COMMENT 'codigos fijo de reglas locales para ean 8',
  `UCC12_REGLA_LOCAL` varchar(6) DEFAULT NULL COMMENT 'codigos fijo de reglas locales para ucc 12',
  `PRIORIDAD_BUSQUEDA` varchar(1) NOT NULL COMMENT '[A]rticulo, [C]odigo de barras',
  `CREADO_POR` varchar(20) NOT NULL,
  `CREADO_EL` datetime NOT NULL,
  `ACTUALIZADO_POR` varchar(20) NOT NULL,
  `ACTUALIZADO_EL` datetime NOT NULL,
  PRIMARY KEY (`ID`),
  KEY `FK_METODO_COSTO_FISCAL` (`COSTO_FISCAL`),
  KEY `FK_UND_DEFECTO_PESO` (`UNIDAD_PESO`),
  KEY `FK_UND_DEFECTO_VOLUMEN` (`UNIDAD_VOLUMEN`),
  CONSTRAINT `FK_METODO_COSTO_FISCAL` FOREIGN KEY (`COSTO_FISCAL`) REFERENCES `metodo_valuacion_inv` (`ID`),
  CONSTRAINT `FK_UND_DEFECTO_PESO` FOREIGN KEY (`UNIDAD_PESO`) REFERENCES `unidad_medida` (`ID`),
  CONSTRAINT `FK_UND_DEFECTO_VOLUMEN` FOREIGN KEY (`UNIDAD_VOLUMEN`) REFERENCES `unidad_medida` (`ID`)
) ENGINE=InnoDB DEFAULT CHARSET=latin1 COMMENT='Tabla de configuracion del modulo de inventarios';


DROP TABLE IF EXISTS `conf_co`;
CREATE TABLE `conf_co` (
  `ID` int(11) NOT NULL AUTO_INCREMENT,
  `FORMATO_IMPRESION_SOL` int(11) NOT NULL,
  `FORMATO_IMPRESION_ORD` int(11) NOT NULL,
  `FORMATO_IMPRESION_ING` int(11) NOT NULL,
  `BODEGA_DEFAULT` varchar(4) DEFAULT NULL,
  `ULT_SOLICITUD` varchar(10) DEFAULT NULL COMMENT 'Ultimo numero de solicitud',
  `ULT_ORDEN_COMPRA` varchar(10) DEFAULT NULL COMMENT 'Ultimo numero de orden de compra',
  `ULT_EMBARQUE` varchar(10) DEFAULT NULL COMMENT 'Ultimo numero de embarque',
  `ULT_SOLICITUD_M` varchar(10) DEFAULT NULL COMMENT 'Mascara para las solicitudes',
  `ULT_ORDEN_COMPRA_M` varchar(10) DEFAULT NULL COMMENT 'Mascara para los numeros de ordenes de compra',
  `ULT_EMBARQUE_M` varchar(10) DEFAULT NULL COMMENT 'Mascara para los numeros de los embarques',
  `ULT_DEVOLUCION` varchar(10) DEFAULT NULL COMMENT 'Numero de la ultima devoluciòn',
  `ULT_DEVOLUCION_M` varchar(10) DEFAULT NULL COMMENT 'Mascara para los numeros de las devoluciones',
  `USAR_RUBROS` varchar(1) DEFAULT NULL COMMENT 'define si las solicitudes, órdenes y embarques de compra usarán rubros (SI) o no los utilizarán (NO).',
  `ORDEN_OBSERVACION` text COMMENT 'dentro de este espacio se ingresan notas adicionales o leyendas que se requieran ingresar en el reporte de órdenes de compra ',
  `MAXIMO_LINORDEN` int(11) DEFAULT NULL COMMENT 'Numero maximo de lineas en la orden de compra',
  `POR_VARIAC_COSTO` decimal(28,0) DEFAULT NULL,
  `CP_EN_LINEA` varchar(1) DEFAULT NULL COMMENT 'Generar factura en linea al aplicar el embarque',
  `IMP1_AFECTA_DESCTO` varchar(1) DEFAULT NULL COMMENT 'Como se afecata el impuesto 1, existen 3 opciones [L]inea, [A]mbos descuentos y [N]ingun descuento',
  `FACTOR_REDONDEO` decimal(28,0) DEFAULT NULL COMMENT 'Factor de redondeo para los movimientos generados en el modulo de compra',
  `PRECIO_DEC` smallint(6) DEFAULT NULL COMMENT 'Numero de decimales utilizados para precios en el modulo',
  `CANTIDAD_DEC` smallint(6) DEFAULT NULL COMMENT 'numero de decimales para las cantidades que se utilicen en el modulo',
  `PEDIDOS_SOLICITUD` varchar(1) DEFAULT NULL COMMENT 'Visualizar columnas de pedidos en solicitudes de compra S o N',
  `PEDIDOS_ORDEN` varchar(1) DEFAULT NULL COMMENT 'Visualizar columnas de pedidos en ordenes de compra S o N',
  `PEDIDOS_EMBARQUE` varchar(1) DEFAULT NULL COMMENT 'Visualizar columnas de pedidos en embarque S o N',
  `DIRECCION_EMBARQUE` text COMMENT 'La dirección donde los proveedores deberán enviar la mercadería',
  `DIRECCION_COBRO` text COMMENT 'la dirección donde se deben cobrar las facturas generadas debido a los embarques enviados',
  `RUBRO1_SOLNOM` varchar(15) DEFAULT NULL,
  `RUBRO2_SOLNOM` varchar(15) DEFAULT NULL,
  `RUBRO3_SOLNOM` varchar(15) DEFAULT NULL,
  `RUBRO4_SOLNOM` varchar(15) DEFAULT NULL,
  `RUBRO5_SOLNOM` varchar(15) DEFAULT NULL,
  `RUBRO1_EMBNOM` varchar(15) DEFAULT NULL,
  `RUBRO2_EMBNOM` varchar(15) DEFAULT NULL,
  `RUBRO3_EMBNOM` varchar(15) DEFAULT NULL,
  `RUBRO4_EMBNOM` varchar(15) DEFAULT NULL,
  `RUBRO5_EMBNOM` varchar(15) DEFAULT NULL,
  `RUBRO1_ORDNOM` varchar(15) DEFAULT NULL,
  `RUBRO2_ORDNOM` varchar(15) DEFAULT NULL,
  `RUBRO3_ORDNOM` varchar(15) DEFAULT NULL,
  `RUBRO4_ORDNOM` varchar(15) DEFAULT NULL,
  `RUBRO5_ORDNOM` varchar(15) DEFAULT NULL,
  `CREADO_POR` varchar(20) NOT NULL,
  `CREADO_EL` datetime NOT NULL,
  `ACTUALIZADO_POR` varchar(20) NOT NULL,
  `ACTUALIZADO_EL` datetime NOT NULL,
  PRIMARY KEY (`ID`),
  KEY `FK_BODEGA_DEFECTO_COMPRAS` (`BODEGA_DEFAULT`),
  KEY `FK_FORMATO_IMPRESION_SOL` (`FORMATO_IMPRESION_SOL`),
  KEY `FK_FORMATO_IMPRESION_ORD` (`FORMATO_IMPRESION_ORD`),
  KEY `FK_FORMATO_IMPRESION_ING` (`FORMATO_IMPRESION_ING`),
  CONSTRAINT `conf_co_ibfk_1` FOREIGN KEY (`FORMATO_IMPRESION_SOL`) REFERENCES `formato_impresion` (`ID`),
  CONSTRAINT `conf_co_ibfk_2` FOREIGN KEY (`FORMATO_IMPRESION_ORD`) REFERENCES `formato_impresion` (`ID`),
  CONSTRAINT `conf_co_ibfk_3` FOREIGN KEY (`FORMATO_IMPRESION_ING`) REFERENCES `formato_impresion` (`ID`),
  CONSTRAINT `FK_BODEGA_DEFECTO_COMPRAS` FOREIGN KEY (`BODEGA_DEFAULT`) REFERENCES `bodega` (`ID`)
) ENGINE=InnoDB AUTO_INCREMENT=2 DEFAULT CHARSET=latin1 COMMENT='Configuracion del modulo de compras';


DROP TABLE IF EXISTS `conf_fa`;
CREATE TABLE `conf_fa` (
  `ID` int(11) NOT NULL AUTO_INCREMENT,
  `COND_PAGO_CONTADO` varchar(4) DEFAULT NULL,
  `BODEGA_DEFECTO` varchar(4) DEFAULT NULL,
  `CATEGORIA_CLIENTE` int(11) DEFAULT NULL,
  `NIVEL_PRECIO` varchar(12) DEFAULT NULL,
  `DECIMALES_PRECIO` smallint(6) NOT NULL,
  `FORMATO_PEDIDO` int(11) DEFAULT NULL,
  `FORMATO_FACTURA` int(11) DEFAULT NULL,
  `FORMATO_REMISION` int(11) DEFAULT NULL,
  `USAR_RUBROS` varchar(1) DEFAULT NULL COMMENT '[S]i            [N]o',
  `OBSERVACIONES` text,
  `RUBRO1_NOMBRE` varchar(15) DEFAULT NULL,
  `RUBRO2_NOMBRE` varchar(15) DEFAULT NULL,
  `RUBRO3_NOMBRE` varchar(15) DEFAULT NULL,
  `RUBRO4_NOMBRE` varchar(15) DEFAULT NULL,
  `RUBRO5_NOMBRE` varchar(15) DEFAULT NULL,
  `CREADO_POR` varchar(20) NOT NULL,
  `CREADO_EL` datetime NOT NULL,
  `ACTUALIZADO_POR` varchar(20) NOT NULL,
  `ACTUALIZADO_EL` datetime NOT NULL,
  PRIMARY KEY (`ID`),
  KEY `FK_BODEGA_DEFECTO_FACTURA` (`BODEGA_DEFECTO`),
  KEY `FK_CATEGORIA_CLIENTE_DEFECTO` (`CATEGORIA_CLIENTE`),
  KEY `FK_CONDICION_PAGO_CONTADO_FACTURA` (`COND_PAGO_CONTADO`),
  KEY `FK_FORMATO_DEFECTO_FACTURA` (`FORMATO_FACTURA`),
  KEY `FK_FORMATO_DEFECTO_PEDIDO` (`FORMATO_PEDIDO`),
  KEY `FK_FORMATO_DEFECTO_REMISION` (`FORMATO_REMISION`),
  KEY `FK_NIVEL_PRECIO_DEFECTO` (`NIVEL_PRECIO`),
  CONSTRAINT `FK_BODEGA_DEFECTO_FACTURA` FOREIGN KEY (`BODEGA_DEFECTO`) REFERENCES `bodega` (`ID`),
  CONSTRAINT `FK_CATEGORIA_CLIENTE_DEFECTO` FOREIGN KEY (`CATEGORIA_CLIENTE`) REFERENCES `categoria` (`ID`),
  CONSTRAINT `FK_CONDICION_PAGO_CONTADO_FACTURA` FOREIGN KEY (`COND_PAGO_CONTADO`) REFERENCES `codicion_pago` (`ID`),
  CONSTRAINT `FK_FORMATO_DEFECTO_FACTURA` FOREIGN KEY (`FORMATO_FACTURA`) REFERENCES `formato_impresion` (`ID`),
  CONSTRAINT `FK_FORMATO_DEFECTO_PEDIDO` FOREIGN KEY (`FORMATO_PEDIDO`) REFERENCES `formato_impresion` (`ID`),
  CONSTRAINT `FK_FORMATO_DEFECTO_REMISION` FOREIGN KEY (`FORMATO_REMISION`) REFERENCES `formato_impresion` (`ID`),
  CONSTRAINT `FK_NIVEL_PRECIO_DEFECTO` FOREIGN KEY (`NIVEL_PRECIO`) REFERENCES `nivel_precio` (`ID`)
) ENGINE=InnoDB AUTO_INCREMENT=2 DEFAULT CHARSET=latin1 COMMENT='Tabla que almacena la configuración para el modulo de factur';


DROP TABLE IF EXISTS `consec_ci_tipo_trans`;
CREATE TABLE `consec_ci_tipo_trans` (
  `ID` int(11) NOT NULL AUTO_INCREMENT,
  `CONSECUTIVO_CI` varchar(10) NOT NULL,
  `TIPO_TRANSACCION` varchar(4) NOT NULL,
  `ACTIVO` varchar(1) NOT NULL,
  `CREADO_POR` varchar(20) NOT NULL,
  `CREADO_EL` datetime NOT NULL,
  `ACTUALIZADO_POR` varchar(20) NOT NULL,
  `ACTUALIZADO_EL` datetime NOT NULL,
  PRIMARY KEY (`ID`),
  KEY `FK_CONSECUTIVO_CI_PARA_TIPO_TRANSACCION` (`CONSECUTIVO_CI`),
  KEY `FK_TIPO_TRANSACCION_PARA_CONSECUTIVO_CI` (`TIPO_TRANSACCION`),
  CONSTRAINT `FK_CONSECUTIVO_CI_PARA_TIPO_TRANSACCION` FOREIGN KEY (`CONSECUTIVO_CI`) REFERENCES `consecutivo_ci` (`ID`),
  CONSTRAINT `FK_TIPO_TRANSACCION_PARA_CONSECUTIVO_CI` FOREIGN KEY (`TIPO_TRANSACCION`) REFERENCES `tipo_transaccion` (`TIPO_TRANSACCION`)
) ENGINE=InnoDB AUTO_INCREMENT=10 DEFAULT CHARSET=latin1 COMMENT='Tabla en la que se almacena los tipos de trasnaccion asociad';


DROP TABLE IF EXISTS `consec_ci_usuario`;
CREATE TABLE `consec_ci_usuario` (
  `ID` int(11) NOT NULL AUTO_INCREMENT,
  `CONSECUTIVO_CI` varchar(10) NOT NULL,
  `USUARIO` varchar(20) NOT NULL,
  `ACTIVO` varchar(1) NOT NULL,
  `CREADO_POR` varchar(20) NOT NULL,
  `CREADO_EL` datetime NOT NULL,
  `ACTUALIZADO_POR` varchar(20) NOT NULL,
  `ACTUALIZADO_EL` datetime NOT NULL,
  PRIMARY KEY (`ID`),
  KEY `FK_CONSECUTIVO_CI_HABILITADO_PARA_USUARIO` (`CONSECUTIVO_CI`),
  CONSTRAINT `FK_CONSECUTIVO_CI_HABILITADO_PARA_USUARIO` FOREIGN KEY (`CONSECUTIVO_CI`) REFERENCES `consecutivo_ci` (`ID`)
) ENGINE=InnoDB AUTO_INCREMENT=6 DEFAULT CHARSET=latin1 COMMENT='Tabla que almacena que usuarios pueden usar un determinado c';


DROP TABLE IF EXISTS `consecutivo_ci`;
CREATE TABLE `consecutivo_ci` (
  `ID` varchar(10) NOT NULL,
  `FORMATO_IMPRESION` int(11) DEFAULT NULL COMMENT 'Formato de impresiòn que se utilizará cuando se vayan a imprimir documentos de inventario con este consecutivo',
  `DESCRIPCION` varchar(48) NOT NULL,
  `MASCARA` varchar(20) NOT NULL,
  `SIGUIENTE_VALOR` varchar(20) NOT NULL COMMENT 'Siguiente valor que se usara para un documento de inventarios que tenga este consecutivo',
  `TODOS_USUARIOS` varchar(1) NOT NULL COMMENT 'S = Cualquier usuario puede usar el consecutivo\r\n            N = Solo los usuarios definidos en la tabla consec_ci_usuario puede usar el consecutivo.',
  `ACTIVO` varchar(1) NOT NULL,
  `CREADO_POR` varchar(20) NOT NULL,
  `CREADO_EL` datetime NOT NULL,
  `ACTUALIZADO_POR` varchar(20) NOT NULL,
  `ACTUALIZADO_EL` datetime NOT NULL,
  PRIMARY KEY (`ID`),
  KEY `FK_FORMATO_IMPRESION_CONSECUTIVO_CI` (`FORMATO_IMPRESION`),
  CONSTRAINT `FK_FORMATO_IMPRESION_CONSECUTIVO_CI` FOREIGN KEY (`FORMATO_IMPRESION`) REFERENCES `formato_impresion` (`ID`)
) ENGINE=InnoDB DEFAULT CHARSET=latin1 COMMENT='Almacena los consecutivos para los documentos de control de ';


DROP TABLE IF EXISTS `consecutivo_fa`;
CREATE TABLE `consecutivo_fa` (
  `CODIGO_CONSECUTIVO` varchar(10) NOT NULL,
  `FORMATO_IMPRESION` int(11) DEFAULT NULL,
  `CLASIFICACION` varchar(1) NOT NULL,
  `DESCRIPCION` varchar(64) NOT NULL,
  `TIPO` varchar(1) NOT NULL,
  `LONGITUD` smallint(6) NOT NULL,
  `VALOR_CONSECUTIVO` varchar(64) NOT NULL,
  `MASCARA` varchar(64) NOT NULL,
  `USA_DESPACHOS` varchar(1) NOT NULL,
  `USA_ESQUEMA_CAJAS` varchar(1) NOT NULL,
  `VALOR_MAXIMO` varchar(64) DEFAULT NULL,
  `NUMERO_COPIAS` smallint(6) NOT NULL,
  `ORIGINAL` varchar(30) DEFAULT NULL,
  `COPIA1` varchar(30) DEFAULT NULL,
  `COPIA2` varchar(30) DEFAULT NULL,
  `COPIA3` varchar(30) DEFAULT NULL,
  `COPIA4` varchar(30) DEFAULT NULL,
  `COPIA5` varchar(30) DEFAULT NULL,
  `RESOLUCION` varchar(64) DEFAULT NULL,
  `ACTIVO` varchar(1) NOT NULL,
  `CREADO_POR` varchar(20) NOT NULL,
  `CREADO_EL` datetime NOT NULL,
  `ACTUALIZADO_POR` varchar(20) NOT NULL,
  `ACTUALIZADO_EL` datetime NOT NULL,
  PRIMARY KEY (`CODIGO_CONSECUTIVO`),
  KEY `FK_FORMATO_IMPRESION` (`FORMATO_IMPRESION`),
  CONSTRAINT `FK_FORMATO_IMPRESION` FOREIGN KEY (`FORMATO_IMPRESION`) REFERENCES `formato_impresion` (`ID`)
) ENGINE=InnoDB DEFAULT CHARSET=latin1 COMMENT='Almacena los consecutivos de documentos que se usan en el mo';


DROP TABLE IF EXISTS `cruge_authassignment`;
CREATE TABLE `cruge_authassignment` (
  `userid` int(11) NOT NULL,
  `bizrule` text,
  `data` text,
  `itemname` varchar(64) NOT NULL,
  PRIMARY KEY (`userid`,`itemname`),
  KEY `fk_cruge_authassignment_cruge_authitem1` (`itemname`),
  KEY `fk_cruge_authassignment_user` (`userid`),
  CONSTRAINT `fk_cruge_authassignment_cruge_authitem1` FOREIGN KEY (`itemname`) REFERENCES `cruge_authitem` (`name`) ON DELETE NO ACTION ON UPDATE NO ACTION,
  CONSTRAINT `fk_cruge_authassignment_user` FOREIGN KEY (`userid`) REFERENCES `cruge_user` (`iduser`) ON DELETE CASCADE ON UPDATE NO ACTION
) ENGINE=InnoDB DEFAULT CHARSET=latin1;

INSERT INTO `cruge_authassignment` (`userid`, `bizrule`, `data`, `itemname`) VALUES
(1, NULL, 'N;', 'Rol_Demo'),
(3, NULL, 'N;', 'Rol_Demo');

DROP TABLE IF EXISTS `cruge_authitem`;
CREATE TABLE `cruge_authitem` (
  `name` varchar(64) NOT NULL,
  `type` int(11) NOT NULL,
  `description` text,
  `bizrule` text,
  `data` text,
  PRIMARY KEY (`name`)
) ENGINE=InnoDB DEFAULT CHARSET=latin1;

INSERT INTO `cruge_authitem` (`name`, `type`, `description`, `bizrule`, `data`) VALUES
('action_articuloensamble_admin', 0,  '', NULL, 'N;'),
('action_articuloensamble_cargaarticulo', 0,  '', NULL, 'N;'),
('action_articuloensamble_detalle', 0,  '', NULL, 'N;'),
('action_articuloensamble_iniciar', 0,  '', NULL, 'N;'),
('action_articuloensamble_update',  0,  '', NULL, 'N;'),
('action_articuloprecio_admin', 0,  '', NULL, 'N;'),
('action_articuloprecio_detalle', 0,  '', NULL, 'N;'),
('action_articuloprecio_iniciar', 0,  '', NULL, 'N;'),
('action_articuloprecio_update',  0,  '', NULL, 'N;'),
('action_articuloproveedor_admin',  0,  '', NULL, 'N;'),
('action_articuloproveedor_cargarajax', 0,  '', NULL, 'N;'),
('action_articuloproveedor_create', 0,  '', NULL, 'N;'),
('action_articuloproveedor_delete', 0,  '', NULL, 'N;'),
('action_articuloproveedor_index',  0,  '', NULL, 'N;'),
('action_articuloproveedor_update', 0,  '', NULL, 'N;'),
('action_articuloproveedor_view', 0,  '', NULL, 'N;'),
('action_articulo_admin', 0,  '', NULL, 'N;'),
('action_articulo_cargar',  0,  '', NULL, 'N;'),
('action_articulo_cargarajax',  0,  '', NULL, 'N;'),
('action_articulo_cargarajax2', 0,  '', NULL, 'N;'),
('action_articulo_cargarajax3', 0,  '', NULL, 'N;'),
('action_articulo_cargarajax4', 0,  '', NULL, 'N;'),
('action_articulo_cargarajax5', 0,  '', NULL, 'N;'),
('action_articulo_cargararticulo',  0,  '', NULL, 'N;'),
('action_articulo_create',  0,  '', NULL, 'N;'),
('action_articulo_update',  0,  '', NULL, 'N;'),
('action_bodega_admin', 0,  '', NULL, 'N;'),
('action_bodega_agregarlinea',  0,  '', NULL, 'N;'),
('action_bodega_articulos', 0,  '', NULL, 'N;'),
('action_bodega_cargarbodega',  0,  '', NULL, 'N;'),
('action_bodega_create',  0,  '', NULL, 'N;'),
('action_bodega_delete',  0,  '', NULL, 'N;'),
('action_bodega_dirigir', 0,  '', NULL, 'N;'),
('action_bodega_excel', 0,  '', NULL, 'N;'),
('action_bodega_inventario',  0,  '', NULL, 'N;'),
('action_bodega_pdf', 0,  '', NULL, 'N;'),
('action_bodega_restaurar', 0,  '', NULL, 'N;'),
('action_bodega_update',  0,  '', NULL, 'N;'),
('action_bodega_view',  0,  '', NULL, 'N;'),
('action_cargo_admin',  0,  '', NULL, 'N;'),
('action_cargo_create', 0,  '', NULL, 'N;'),
('action_cargo_delete', 0,  '', NULL, 'N;'),
('action_cargo_update', 0,  '', NULL, 'N;'),
('action_cargo_view', 0,  '', NULL, 'N;'),
('action_categoria_admin',  0,  '', NULL, 'N;'),
('action_categoria_create', 0,  '', NULL, 'N;'),
('action_categoria_delete', 0,  '', NULL, 'N;'),
('action_categoria_excel',  0,  '', NULL, 'N;'),
('action_categoria_pdf',  0,  '', NULL, 'N;'),
('action_categoria_restaurar',  0,  '', NULL, 'N;'),
('action_categoria_update', 0,  '', NULL, 'N;'),
('action_categoria_view', 0,  '', NULL, 'N;'),
('action_centrocostos_admin', 0,  '', NULL, 'N;'),
('action_centrocostos_create',  0,  '', NULL, 'N;'),
('action_centrocostos_delete',  0,  '', NULL, 'N;'),
('action_centrocostos_excel', 0,  '', NULL, 'N;'),
('action_centrocostos_pdf', 0,  '', NULL, 'N;'),
('action_centrocostos_restaurar', 0,  '', NULL, 'N;'),
('action_centrocostos_update',  0,  '', NULL, 'N;'),
('action_centrocostos_view',  0,  '', NULL, 'N;'),
('action_clasificacionadivalor_admin',  0,  '', NULL, 'N;'),
('action_clasificacionadivalor_create', 0,  '', NULL, 'N;'),
('action_clasificacionadivalor_delete', 0,  '', NULL, 'N;'),
('action_clasificacionadivalor_restaurar',  0,  '', NULL, 'N;'),
('action_clasificacionadivalor_update', 0,  '', NULL, 'N;'),
('action_clasificacionadivalor_view', 0,  '', NULL, 'N;'),
('action_clasificacionadi_admin', 0,  '', NULL, 'N;'),
('action_clasificacionadi_create',  0,  '', NULL, 'N;'),
('action_clasificacionadi_delete',  0,  '', NULL, 'N;'),
('action_clasificacionadi_restaurar', 0,  '', NULL, 'N;'),
('action_clasificacionadi_update',  0,  '', NULL, 'N;'),
('action_clasificacionadi_view',  0,  '', NULL, 'N;'),
('action_cliente_admin',  0,  '', NULL, 'N;'),
('action_cliente_autocompletar',  0,  '', NULL, 'N;'),
('action_cliente_create', 0,  '', NULL, 'N;'),
('action_cliente_delete', 0,  '', NULL, 'N;'),
('action_cliente_restaurar',  0,  '', NULL, 'N;'),
('action_cliente_update', 0,  '', NULL, 'N;'),
('action_cliente_view', 0,  '', NULL, 'N;'),
('action_codicionpago_admin', 0,  '', NULL, 'N;'),
('action_codicionpago_create',  0,  '', NULL, 'N;'),
('action_codicionpago_delete',  0,  '', NULL, 'N;'),
('action_codicionpago_excel', 0,  '', NULL, 'N;'),
('action_codicionpago_pdf', 0,  '', NULL, 'N;'),
('action_codicionpago_restaurar', 0,  '', NULL, 'N;'),
('action_codicionpago_update',  0,  '', NULL, 'N;'),
('action_codicionpago_view',  0,  '', NULL, 'N;'),
('action_compania_cargar',  0,  '', NULL, 'N;'),
('action_compania_create',  0,  '', NULL, 'N;'),
('action_compania_update',  0,  '', NULL, 'N;'),
('action_confas_create',  0,  '', NULL, 'N;'),
('action_confas_update',  0,  '', NULL, 'N;'),
('action_confci_create',  0,  '', NULL, 'N;'),
('action_confci_update',  0,  '', NULL, 'N;'),
('action_confco_create',  0,  '', NULL, 'N;'),
('action_confco_update',  0,  '', NULL, 'N;'),
('action_conffa_agregarlinea',  0,  '', NULL, 'N;'),
('action_conffa_autocompletar', 0,  '', NULL, 'N;'),
('action_conffa_cargarbod', 0,  '', NULL, 'N;'),
('action_conffa_cargarcat', 0,  '', NULL, 'N;'),
('action_conffa_cargarcond',  0,  '', NULL, 'N;'),
('action_conffa_create',  0,  '', NULL, 'N;'),
('action_conffa_update',  0,  '', NULL, 'N;'),
('action_consecutivoci_admin',  0,  '', NULL, 'N;'),
('action_consecutivoci_cargartransaccion',  0,  '', NULL, 'N;'),
('action_consecutivoci_create', 0,  '', NULL, 'N;'),
('action_consecutivoci_delete', 0,  '', NULL, 'N;'),
('action_consecutivoci_restaurar',  0,  '', NULL, 'N;'),
('action_consecutivoci_update', 0,  '', NULL, 'N;'),
('action_consecutivoci_view', 0,  '', NULL, 'N;'),
('action_consecutivofa_admin',  0,  '', NULL, 'N;'),
('action_consecutivofa_create', 0,  '', NULL, 'N;'),
('action_consecutivofa_delete', 0,  '', NULL, 'N;'),
('action_consecutivofa_restaurar',  0,  '', NULL, 'N;'),
('action_consecutivofa_update', 0,  '', NULL, 'N;'),
('action_consecutivofa_view', 0,  '', NULL, 'N;'),
('action_departamento_admin', 0,  '', NULL, 'N;'),
('action_departamento_create',  0,  '', NULL, 'N;'),
('action_departamento_delete',  0,  '', NULL, 'N;'),
('action_departamento_excel', 0,  '', NULL, 'N;'),
('action_departamento_pdf', 0,  '', NULL, 'N;'),
('action_departamento_restaurar', 0,  '', NULL, 'N;'),
('action_departamento_update',  0,  '', NULL, 'N;'),
('action_departamento_view',  0,  '', NULL, 'N;'),
('action_diaferiado_admin', 0,  '', NULL, 'N;'),
('action_diaferiado_create',  0,  '', NULL, 'N;'),
('action_diaferiado_delete',  0,  '', NULL, 'N;'),
('action_diaferiado_excel', 0,  '', NULL, 'N;'),
('action_diaferiado_pdf', 0,  '', NULL, 'N;'),
('action_diaferiado_restaurar', 0,  '', NULL, 'N;'),
('action_diaferiado_update',  0,  '', NULL, 'N;'),
('action_diaferiado_view',  0,  '', NULL, 'N;'),
('action_documentoinv_admin', 0,  '', NULL, 'N;'),
('action_documentoinv_agregarlinea',  0,  '', NULL, 'N;'),
('action_documentoinv_aplicar', 0,  '', NULL, 'N;'),
('action_documentoinv_aprobar', 0,  '', NULL, 'N;'),
('action_documentoinv_cancelar',  0,  '', NULL, 'N;'),
('action_documentoinv_cargarconsecutivo', 0,  '', NULL, 'N;'),
('action_documentoinv_create',  0,  '', NULL, 'N;'),
('action_documentoinv_formatopdf',  0,  '', NULL, 'N;'),
('action_documentoinv_reversar',  0,  '', NULL, 'N;'),
('action_documentoinv_update',  0,  '', NULL, 'N;'),
('action_entidadfinanciera_admin',  0,  '', NULL, 'N;'),
('action_entidadfinanciera_autocompletar',  0,  '', NULL, 'N;'),
('action_entidadfinanciera_create', 0,  '', NULL, 'N;'),
('action_entidadfinanciera_delete', 0,  '', NULL, 'N;'),
('action_entidadfinanciera_excel',  0,  '', NULL, 'N;'),
('action_entidadfinanciera_pdf',  0,  '', NULL, 'N;'),
('action_entidadfinanciera_restaurar',  0,  '', NULL, 'N;'),
('action_entidadfinanciera_update', 0,  '', NULL, 'N;'),
('action_entidadfinanciera_view', 0,  '', NULL, 'N;'),
('action_estadoempleado_admin', 0,  '', NULL, 'N;'),
('action_estadoempleado_create',  0,  '', NULL, 'N;'),
('action_estadoempleado_delete',  0,  '', NULL, 'N;'),
('action_estadoempleado_update',  0,  '', NULL, 'N;'),
('action_estadoempleado_view',  0,  '', NULL, 'N;'),
('action_existenciabodega_cargarajax',  0,  '', NULL, 'N;'),
('action_existenciabodega_create',  0,  '', NULL, 'N;'),
('action_existenciabodega_delete',  0,  '', NULL, 'N;'),
('action_existenciabodega_update',  0,  '', NULL, 'N;'),
('action_factura_admin',  0,  '', NULL, 'N;'),
('action_factura_agregarlinea', 0,  '', NULL, 'N;'),
('action_factura_cargarconsecutivo',  0,  '', NULL, 'N;'),
('action_factura_create', 0,  '', NULL, 'N;'),
('action_factura_formatopdf', 0,  '', NULL, 'N;'),
('action_formatoimpresion_admin', 0,  '', NULL, 'N;'),
('action_formatoimpresion_create',  0,  '', NULL, 'N;'),
('action_formatoimpresion_delete',  0,  '', NULL, 'N;'),
('action_formatoimpresion_formato', 0,  '', NULL, 'N;'),
('action_formatoimpresion_restaurar', 0,  '', NULL, 'N;'),
('action_formatoimpresion_submodulo', 0,  '', NULL, 'N;'),
('action_formatoimpresion_update',  0,  '', NULL, 'N;'),
('action_formatoimpresion_view',  0,  '', NULL, 'N;'),
('action_horario_admin',  0,  '', NULL, 'N;'),
('action_horario_create', 0,  '', NULL, 'N;'),
('action_horario_delete', 0,  '', NULL, 'N;'),
('action_horario_update', 0,  '', NULL, 'N;'),
('action_horario_view', 0,  '', NULL, 'N;'),
('action_impuesto_admin', 0,  '', NULL, 'N;'),
('action_impuesto_cargarimpuesto',  0,  '', NULL, 'N;'),
('action_impuesto_excel', 0,  '', NULL, 'N;'),
('action_impuesto_pdf', 0,  '', NULL, 'N;'),
('action_ingresocompra_actlinea', 0,  '', NULL, 'N;'),
('action_ingresocompra_admin',  0,  '', NULL, 'N;'),
('action_ingresocompra_aplicar',  0,  '', NULL, 'N;'),
('action_ingresocompra_cancelar', 0,  '', NULL, 'N;'),
('action_ingresocompra_cargararticulo', 0,  '', NULL, 'N;'),
('action_ingresocompra_cargarlineas', 0,  '', NULL, 'N;'),
('action_ingresocompra_cargarproveedor',  0,  '', NULL, 'N;'),
('action_ingresocompra_create', 0,  '', NULL, 'N;'),
('action_ingresocompra_formatopdf', 0,  '', NULL, 'N;'),
('action_ingresocompra_listar', 0,  '', NULL, 'N;'),
('action_mensajesistema_admin', 0,  '', NULL, 'N;'),
('action_mensajesistema_cargarmensajesistema',  0,  '', NULL, 'N;'),
('action_mensajesistema_create',  0,  '', NULL, 'N;'),
('action_mensajesistema_delete',  0,  '', NULL, 'N;'),
('action_mensajesistema_update',  0,  '', NULL, 'N;'),
('action_mensajesistema_view',  0,  '', NULL, 'N;'),
('action_metodovaluacioninv_admin', 0,  '', NULL, 'N;'),
('action_nit_admin',  0,  '', NULL, 'N;'),
('action_nit_create', 0,  '', NULL, 'N;'),
('action_nit_delete', 0,  '', NULL, 'N;'),
('action_nit_excel',  0,  '', NULL, 'N;'),
('action_nit_mascara',  0,  '', NULL, 'N;'),
('action_nit_pdf',  0,  '', NULL, 'N;'),
('action_nit_restaurar',  0,  '', NULL, 'N;'),
('action_nit_update', 0,  '', NULL, 'N;'),
('action_nit_view', 0,  '', NULL, 'N;'),
('action_nivelprecio_admin',  0,  '', NULL, 'N;'),
('action_nivelprecio_create', 0,  '', NULL, 'N;'),
('action_nivelprecio_delete', 0,  '', NULL, 'N;'),
('action_nivelprecio_excel',  0,  '', NULL, 'N;'),
('action_nivelprecio_pdf',  0,  '', NULL, 'N;'),
('action_nivelprecio_restaurar',  0,  '', NULL, 'N;'),
('action_nivelprecio_update', 0,  '', NULL, 'N;'),
('action_nivelprecio_view', 0,  '', NULL, 'N;'),
('action_ordencompra_actualizaimpuesto',  0,  '', NULL, 'N;'),
('action_ordencompra_admin',  0,  '', NULL, 'N;'),
('action_ordencompra_autorizar',  0,  '', NULL, 'N;'),
('action_ordencompra_cancelar', 0,  '', NULL, 'N;'),
('action_ordencompra_cargararticulo', 0,  '', NULL, 'N;'),
('action_ordencompra_cargarlineas', 0,  '', NULL, 'N;'),
('action_ordencompra_cargarproveedor',  0,  '', NULL, 'N;'),
('action_ordencompra_cerrar', 0,  '', NULL, 'N;'),
('action_ordencompra_create', 0,  '', NULL, 'N;'),
('action_ordencompra_formatopdf', 0,  '', NULL, 'N;'),
('action_ordencompra_reversar', 0,  '', NULL, 'N;'),
('action_ordencompra_update', 0,  '', NULL, 'N;'),
('action_pais_admin', 0,  '', NULL, 'N;'),
('action_pais_excel', 0,  '', NULL, 'N;'),
('action_pais_pdf', 0,  '', NULL, 'N;'),
('action_papelera_cargagrilla', 0,  '', NULL, 'N;'),
('action_papelera_index', 0,  '', NULL, 'N;'),
('action_pedido_admin', 0,  '', NULL, 'N;'),
('action_pedido_agregarlinea',  0,  '', NULL, 'N;'),
('action_pedido_cargartipoprecio',  0,  '', NULL, 'N;'),
('action_pedido_create',  0,  '', NULL, 'N;'),
('action_pedido_dirigir', 0,  '', NULL, 'N;'),
('action_pedido_formatopdf',  0,  '', NULL, 'N;'),
('action_pedido_update',  0,  '', NULL, 'N;'),
('action_proveedor_admin',  0,  '', NULL, 'N;'),
('action_proveedor_autocompletar',  0,  '', NULL, 'N;'),
('action_proveedor_cargarnit',  0,  '', NULL, 'N;'),
('action_proveedor_cargarproveedor',  0,  '', NULL, 'N;'),
('action_proveedor_cargarubicacion',  0,  '', NULL, 'N;'),
('action_proveedor_create', 0,  '', NULL, 'N;'),
('action_proveedor_delete', 0,  '', NULL, 'N;'),
('action_proveedor_restaurar',  0,  '', NULL, 'N;'),
('action_proveedor_update', 0,  '', NULL, 'N;'),
('action_proveedor_view', 0,  '', NULL, 'N;'),
('action_regimentributario_admin',  0,  '', NULL, 'N;'),
('action_regimentributario_cargarregimen',  0,  '', NULL, 'N;'),
('action_regimentributario_excel',  0,  '', NULL, 'N;'),
('action_regimentributario_pdf',  0,  '', NULL, 'N;'),
('action_retencion_admin',  0,  '', NULL, 'N;'),
('action_retencion_cargarretencion',  0,  '', NULL, 'N;'),
('action_retencion_excel',  0,  '', NULL, 'N;'),
('action_retencion_pdf',  0,  '', NULL, 'N;'),
('action_site_error', 0,  '', NULL, 'N;'),
('action_site_index', 0,  '', NULL, 'N;'),
('action_site_login', 0,  '', NULL, 'N;'),
('action_site_logout',  0,  '', NULL, 'N;'),
('action_site_prueba',  0,  '', NULL, 'N;'),
('action_solicitudoc_admin',  0,  '', NULL, 'N;'),
('action_solicitudoc_agregarlinea', 0,  '', NULL, 'N;'),
('action_solicitudoc_autorizar',  0,  '', NULL, 'N;'),
('action_solicitudoc_cancelar', 0,  '', NULL, 'N;'),
('action_solicitudoc_cargararticulo', 0,  '', NULL, 'N;'),
('action_solicitudoc_create', 0,  '', NULL, 'N;'),
('action_solicitudoc_formatopdf', 0,  '', NULL, 'N;'),
('action_solicitudoc_reversar', 0,  '', NULL, 'N;'),
('action_solicitudoc_update', 0,  '', NULL, 'N;'),
('action_tipoacademico_admin',  0,  '', NULL, 'N;'),
('action_tipoacademico_create', 0,  '', NULL, 'N;'),
('action_tipoacademico_delete', 0,  '', NULL, 'N;'),
('action_tipoacademico_update', 0,  '', NULL, 'N;'),
('action_tipoacademico_view', 0,  '', NULL, 'N;'),
('action_tipoaccidente_admin',  0,  '', NULL, 'N;'),
('action_tipoaccidente_create', 0,  '', NULL, 'N;'),
('action_tipoaccidente_delete', 0,  '', NULL, 'N;'),
('action_tipoaccidente_update', 0,  '', NULL, 'N;'),
('action_tipoaccidente_view', 0,  '', NULL, 'N;'),
('action_tipoarticulo_admin', 0,  '', NULL, 'N;'),
('action_tipoausencia_admin', 0,  '', NULL, 'N;'),
('action_tipoausencia_create',  0,  '', NULL, 'N;'),
('action_tipoausencia_delete',  0,  '', NULL, 'N;'),
('action_tipoausencia_update',  0,  '', NULL, 'N;'),
('action_tipoausencia_view',  0,  '', NULL, 'N;'),
('action_tipocontrato_admin', 0,  '', NULL, 'N;'),
('action_tipocontrato_create',  0,  '', NULL, 'N;'),
('action_tipocontrato_delete',  0,  '', NULL, 'N;'),
('action_tipocontrato_update',  0,  '', NULL, 'N;'),
('action_tipocontrato_view',  0,  '', NULL, 'N;'),
('action_tipocuenta_admin', 0,  '', NULL, 'N;'),
('action_tipocuenta_create',  0,  '', NULL, 'N;'),
('action_tipocuenta_delete',  0,  '', NULL, 'N;'),
('action_tipocuenta_update',  0,  '', NULL, 'N;'),
('action_tipocuenta_view',  0,  '', NULL, 'N;'),
('action_tipodocumento_admin',  0,  '', NULL, 'N;'),
('action_tipodocumento_create', 0,  '', NULL, 'N;'),
('action_tipodocumento_delete', 0,  '', NULL, 'N;'),
('action_tipodocumento_excel',  0,  '', NULL, 'N;'),
('action_tipodocumento_pdf',  0,  '', NULL, 'N;'),
('action_tipodocumento_restaurar',  0,  '', NULL, 'N;'),
('action_tipodocumento_update', 0,  '', NULL, 'N;'),
('action_tipodocumento_view', 0,  '', NULL, 'N;'),
('action_tipotarjeta_admin',  0,  '', NULL, 'N;'),
('action_tipotarjeta_create', 0,  '', NULL, 'N;'),
('action_tipotarjeta_delete', 0,  '', NULL, 'N;'),
('action_tipotarjeta_excel',  0,  '', NULL, 'N;'),
('action_tipotarjeta_pdf',  0,  '', NULL, 'N;'),
('action_tipotarjeta_restaurar',  0,  '', NULL, 'N;'),
('action_tipotarjeta_update', 0,  '', NULL, 'N;'),
('action_tipotarjeta_view', 0,  '', NULL, 'N;'),
('action_tipotransaccion_admin',  0,  '', NULL, 'N;'),
('action_tipotransaccion_cargarcantidad', 0,  '', NULL, 'N;'),
('action_tipotransaccion_create', 0,  '', NULL, 'N;'),
('action_tipotransaccion_delete', 0,  '', NULL, 'N;'),
('action_tipotransaccion_restaurar',  0,  '', NULL, 'N;'),
('action_tipotransaccion_update', 0,  '', NULL, 'N;'),
('action_tipotransaccion_view', 0,  '', NULL, 'N;'),
('action_ubicaciongeografica1_admin', 0,  '', NULL, 'N;'),
('action_ubicaciongeografica1_excel', 0,  '', NULL, 'N;'),
('action_ubicaciongeografica1_pdf', 0,  '', NULL, 'N;'),
('action_ubicaciongeografica2_admin', 0,  '', NULL, 'N;'),
('action_ubicaciongeografica2_excel', 0,  '', NULL, 'N;'),
('action_ubicaciongeografica2_pdf', 0,  '', NULL, 'N;'),
('action_ui_ajaxgeneratenewpassword', 0,  '', NULL, 'N;'),
('action_ui_ajaxrbacitemdescr', 0,  '', NULL, 'N;'),
('action_ui_editprofile', 0,  '', NULL, 'N;'),
('action_ui_fieldsadmincreate', 0,  '', NULL, 'N;'),
('action_ui_fieldsadmindelete', 0,  '', NULL, 'N;'),
('action_ui_fieldsadminlist', 0,  '', NULL, 'N;'),
('action_ui_rbacajaxsetchilditem',  0,  '', NULL, 'N;'),
('action_ui_rbacauthitemchilditems',  0,  '', NULL, 'N;'),
('action_ui_rbacauthitemcreate',  0,  '', NULL, 'N;'),
('action_ui_rbacauthitemdelete',  0,  '', NULL, 'N;'),
('action_ui_rbacauthitemupdate',  0,  '', NULL, 'N;'),
('action_ui_rbaclistops', 0,  '', NULL, 'N;'),
('action_ui_rbaclistroles', 0,  '', NULL, 'N;'),
('action_ui_rbaclisttasks', 0,  '', NULL, 'N;'),
('action_ui_rbacusersassignments',  0,  '', NULL, 'N;'),
('action_ui_sessionadmin',  0,  '', NULL, 'N;'),
('action_ui_sessionadmindelete',  0,  '', NULL, 'N;'),
('action_ui_systemupdate',  0,  '', NULL, 'N;'),
('action_ui_usermanagementadmin', 0,  '', NULL, 'N;'),
('action_ui_usermanagementcreate',  0,  '', NULL, 'N;'),
('action_ui_usermanagementdelete',  0,  '', NULL, 'N;'),
('action_ui_usermanagementupdate',  0,  '', NULL, 'N;'),
('action_ui_usersaved', 0,  '', NULL, 'N;'),
('action_unidadmedida_admin', 0,  '', NULL, 'N;'),
('action_unidadmedida_cargarbase',  0,  '', NULL, 'N;'),
('action_unidadmedida_create',  0,  '', NULL, 'N;'),
('action_unidadmedida_delete',  0,  '', NULL, 'N;'),
('action_unidadmedida_restaurar', 0,  '', NULL, 'N;'),
('action_unidadmedida_update',  0,  '', NULL, 'N;'),
('action_unidadmedida_view',  0,  '', NULL, 'N;'),
('action_zona_admin', 0,  '', NULL, 'N;'),
('action_zona_cargarzonas', 0,  '', NULL, 'N;'),
('action_zona_create',  0,  '', NULL, 'N;'),
('action_zona_delete',  0,  '', NULL, 'N;'),
('action_zona_excel', 0,  '', NULL, 'N;'),
('action_zona_pdf', 0,  '', NULL, 'N;'),
('action_zona_restaurar', 0,  '', NULL, 'N;'),
('action_zona_update',  0,  '', NULL, 'N;'),
('action_zona_view',  0,  '', NULL, 'N;'),
('Actualizar_Articulo', 1,  'Actualizar Articulos', '', 'N;'),
('Actualizar_Bodega', 1,  'Actualizar Bodegas', '', 'N;'),
('Actualizar_Categoria',  1,  'Actualizar Categorias Clientes y Proveedores', '', 'N;'),
('Actualizar_CetroCosto', 1,  'Actualizar Cetros de Costo', '', 'N;'),
('Actualizar_Clasificacion',  1,  'Actualizar Clasificaciones', '', 'N;'),
('Actualizar_Cliente',  1,  'Actualizar Clientes',  '', 'N;'),
('Actualizar_CondicionPago',  1,  'Actualizar Condiciónes de pago', '', 'N;'),
('Actualizar_ConsecutivoFacturacion', 1,  'Actualizar Consecutivos de Facturación', '', 'N;'),
('Actualizar_ConsecutivoInventario',  1,  'Actualizar Consecutivos de Inventario',  '', 'N;'),
('Actualizar_Dependencia',  1,  'Actualizar Dependencias',  '', 'N;'),
('Actualizar_DiaFeriado', 1,  'Actualizar Dias Feriados', '', 'N;'),
('Actualizar_DocumentoInventario',  1,  'Actualizar Documentos de Inventario',  '', 'N;'),
('Actualizar_EnsableArticulo',  1,  'Asignar Componentes a un Articulo Tipo Kit', '', 'N;'),
('Actualizar_FormatoImpresion', 1,  'Actualizar Formato de Impresión',  '', 'N;'),
('Actualizar_Nit',  1,  'Actualizar Nits',  '', 'N;'),
('Actualizar_OrdenCompra',  1,  'Actualizar Ordenes de Compra', '', 'N;'),
('Actualizar_Pedido', 1,  'Actualizar Pedidos', '', 'N;'),
('Actualizar_PrecioArticulo', 1,  'Actualizar o Asignar Precios los Articulo según Tipos de Precio',  '', 'N;'),
('Actualizar_Proveedor',  1,  'Actualizar Proveedores', '', 'N;'),
('Actualizar_SolicitudCompra',  1,  'Actualizar Solicitudes de Compra', '', 'N;'),
('Actualizar_SubClasificacion', 1,  'Actualizar SubClasificaciones',  '', 'N;'),
('Actualizar_TipoDocumento',  1,  'Actualizar Tipos de Documento',  '', 'N;'),
('Actualizar_TipoPrecio', 1,  'Actualizar Tipos de Precio', '', 'N;'),
('Actualizar_TipoTarjeta',  1,  'Actualizar Tipos de Tarjeta',  '', 'N;'),
('Actualizar_TipoTransaccion',  1,  'Actualizar Tipos de Transacción',  '', 'N;'),
('Actualizar_Unidad', 1,  'Actualizar Unidades de Medida',  '', 'N;'),
('Actualizar_Zona', 1,  'Actualizar Zonas', '', 'N;'),
('Actualziar_EntidadFinanciera',  1,  'Actualizar Entidades Financieras', '', 'N;'),
('admin', 0,  '', NULL, 'N;'),
('AdministracionReportes',  1,  ':14 Administración de Reportes{menu_sistema}{action_formatoimpresion_admin}',  '', 'N;'),
('AdministrarUsuarios', 1,  ':1 Administrar{menu_usuarios}{action_ui_usermanagementadmin}', '', 'N;'),
('AdminsitrarRoles',  1,  ':2 Roles{menu_usuarios}{action_ui_rbaclistroles}', '', 'N;'),
('Aplicar_DocumentoInventario', 1,  'Aplicar Documentos de Inventario', '', 'N;'),
('Aprobar_DocumentoInventario', 1,  'Aprobar Documentos de Inventario', '', 'N;'),
('Articulo',  1,  ':0 Artículos{menu_inventario}{action_articulo_admin}', '', 'N;'),
('ArticuloBodega',  1,  ':1 Asociación de artículos a Bodegas{menu_inventario}{action_bodega_inventario}',  '', 'N;'),
('AsignarRoles',  1,  ':3 Asignar Roles a Usuarios{menu_usuarios}{action_ui_rbacusersassignments}', '', 'N;'),
('Autorizar_OrdenCompra', 1,  'Autorizar Ordenes de Compra',  '', 'N;'),
('Autorizar_SolicitudCompra', 1,  'Autorizar Solicitudes de Compra',  '', 'N;'),
('Bodega',  1,  ':3 Bodegas{menu_sistema}{action_bodega_admin}',  '', 'N;'),
('Cancelar_DocumentoInventario',  1,  'Cancelar Documentos de Inventario',  '', 'N;'),
('Cancelar_IngresoCompra',  1,  'Cancelar Ingresos de Compra',  '', 'N;'),
('Cancelar_OrdenCompra',  1,  'Cancelar Ordenes de Compra', '', 'N;'),
('Cancelar_SolicitudCompra',  1,  'Cancelar Solicitudes de Compra', '', 'N;'),
('Categorias',  1,  ':4 Categorías clientes y proveedores{menu_sistema}{action_categoria_admin}', '', 'N;'),
('Cerrar_OrdenCompra',  1,  'Cerrar Ordenes de Compra', '', 'N;'),
('CetroCosto',  1,  ':5 Centros de Costos{menu_sistema}{action_centrocostos_admin}',  '', 'N;'),
('Clasificacion', 1,  ':2 Clasificaciones{menu_inventario}{action_clasificacionadi_admin}', '', 'N;'),
('Cliente', 1,  ':4 Clientes{menu_facturacion}{action_cliente_admin}',  '', 'N;'),
('CondicionPago', 1,  ':6 Condiciónes de pago{menu_sistema}{action_codicionpago_admin}',  '', 'N;'),
('ConfiguracionCompras',  1,  ':4 Configuración{menu_compras}{action_confco_create}', '', 'N;'),
('ConfiguracionFacturacion',  1,  ':6 Configuración{menu_facturacion}{action_conffa_create}', '', 'N;'),
('ConfiguracionGeneral',  1,  ':1 Configuración General{menu_sistema}{action_confas_create}', '', 'N;'),
('ConfiguracionInventario', 1,  ':10 Configuración{menu_inventario}{action_confci_create}', '', 'N;'),
('ConsecutivoFacturacion',  1,  ':5 Consecutivos{menu_facturacion}{action_consecutivofa_admin}',  '', 'N;'),
('ConsecutivoInventario', 1,  ':8 Consecutivos{menu_inventario}{action_consecutivoci_admin}', '', 'N;'),
('controller_articulo', 0,  '', NULL, 'N;'),
('controller_articuloensamble', 0,  '', NULL, 'N;'),
('controller_articuloprecio', 0,  '', NULL, 'N;'),
('controller_articuloproveedor',  0,  '', NULL, 'N;'),
('controller_bodega', 0,  '', NULL, 'N;'),
('controller_cargo',  0,  '', NULL, 'N;'),
('controller_categoria',  0,  '', NULL, 'N;'),
('controller_centrocostos', 0,  '', NULL, 'N;'),
('controller_clasificacionadi', 0,  '', NULL, 'N;'),
('controller_clasificacionadivalor',  0,  '', NULL, 'N;'),
('controller_cliente',  0,  '', NULL, 'N;'),
('controller_codicionpago', 0,  '', NULL, 'N;'),
('controller_compania', 0,  '', NULL, 'N;'),
('controller_confas', 0,  '', NULL, 'N;'),
('controller_confci', 0,  '', NULL, 'N;'),
('controller_confco', 0,  '', NULL, 'N;'),
('controller_conffa', 0,  '', NULL, 'N;'),
('controller_consecutivoci',  0,  '', NULL, 'N;'),
('controller_consecutivofa',  0,  '', NULL, 'N;'),
('controller_departamento', 0,  '', NULL, 'N;'),
('controller_diaferiado', 0,  '', NULL, 'N;'),
('controller_documentoinv', 0,  '', NULL, 'N;'),
('controller_entidadfinanciera',  0,  '', NULL, 'N;'),
('controller_estadoempleado', 0,  '', NULL, 'N;'),
('controller_existenciabodega', 0,  '', NULL, 'N;'),
('controller_factura',  0,  '', NULL, 'N;'),
('controller_formatoimpresion', 0,  '', NULL, 'N;'),
('controller_horario',  0,  '', NULL, 'N;'),
('controller_impuesto', 0,  '', NULL, 'N;'),
('controller_ingresocompra',  0,  '', NULL, 'N;'),
('controller_mensajesistema', 0,  '', NULL, 'N;'),
('controller_metodovaluacioninv', 0,  '', NULL, 'N;'),
('controller_nit',  0,  '', NULL, 'N;'),
('controller_nivelprecio',  0,  '', NULL, 'N;'),
('controller_ordencompra',  0,  '', NULL, 'N;'),
('controller_pais', 0,  '', NULL, 'N;'),
('controller_papelera', 0,  '', NULL, 'N;'),
('controller_pedido', 0,  '', NULL, 'N;'),
('controller_proveedor',  0,  '', NULL, 'N;'),
('controller_regimentributario',  0,  '', NULL, 'N;'),
('controller_retencion',  0,  '', NULL, 'N;'),
('controller_site', 0,  '', NULL, 'N;'),
('controller_solicitudoc',  0,  '', NULL, 'N;'),
('controller_tipoacademico',  0,  '', NULL, 'N;'),
('controller_tipoaccidente',  0,  '', NULL, 'N;'),
('controller_tipoarticulo', 0,  '', NULL, 'N;'),
('controller_tipoausencia', 0,  '', NULL, 'N;'),
('controller_tipocontrato', 0,  '', NULL, 'N;'),
('controller_tipocuenta', 0,  '', NULL, 'N;'),
('controller_tipodocumento',  0,  '', NULL, 'N;'),
('controller_tipotarjeta',  0,  '', NULL, 'N;'),
('controller_tipotransaccion',  0,  '', NULL, 'N;'),
('controller_ubicaciongeografica1', 0,  '', NULL, 'N;'),
('controller_ubicaciongeografica2', 0,  '', NULL, 'N;'),
('controller_unidadmedida', 0,  '', NULL, 'N;'),
('controller_zona', 0,  '', NULL, 'N;'),
('CrearUsuario',  1,  ':0 Crear{menu_usuarios}{action_ui_usermanagementcreate}',  '', 'N;'),
('Crear_Articulo',  1,  'Crear Articulos',  '', 'N;'),
('Crear_Bodega',  1,  'Crear Bodegas',  '', 'N;'),
('Crear_Categoria', 1,  'Crear Categorias Clientes y Proveedores',  '', 'N;'),
('Crear_CetroCosto',  1,  'Crear Cetros de Costo',  '', 'N;'),
('Crear_Clasificacion', 1,  'Crear Clasificaciones',  '', 'N;'),
('Crear_Cliente', 1,  'Crear Clientes', '', 'N;'),
('Crear_CondicionPago', 1,  'Crear Condiciónes de pago',  '', 'N;'),
('Crear_ConsecutivoFacturacion',  1,  'Crear Consecutivos para Facturación',  '', 'N;'),
('Crear_ConsecutivoInventario', 1,  'Crear Consecutivos de Inventario', '', 'N;'),
('Crear_Dependencia', 1,  'Crear Dependencias', '', 'N;'),
('Crear_DiaFeriado',  1,  'Crear Dias Feriados',  '', 'N;'),
('Crear_DocumentoInventario', 1,  'Crear Documentos de Inventario', '', 'N;'),
('Crear_EntidadFinanciera', 1,  'Crear Entidades Financieras',  '', 'N;'),
('Crear_Factura', 1,  'Crear Facturas', '', 'N;'),
('Crear_FormatoImpresion',  1,  'Crear Formato de Impresión', '', 'N;'),
('Crear_IngresoCompra', 1,  'Crear Ingresos de Compra', '', 'N;'),
('Crear_Nit', 1,  'Crear Nits', '', 'N;'),
('Crear_OrdenCompra', 1,  'Crear Ordenes de Compra',  '', 'N;'),
('Crear_Pedido',  1,  'Crear Pedidos',  '', 'N;'),
('Crear_Proveedor', 1,  'Crear Proveedores',  '', 'N;'),
('Crear_SolicitudCompra', 1,  'Crear Solicitudes de Compra',  '', 'N;'),
('Crear_SubClasificacion',  1,  'Crear SubClasificaciones', '', 'N;'),
('Crear_TipoDocumento', 1,  'Crear Tipos de Documento', '', 'N;'),
('Crear_TipoPrecio',  1,  'Crear Tipos de Precio',  '', 'N;'),
('Crear_TipoTarjeta', 1,  'Crear Tipos de Tarjeta', '', 'N;'),
('Crear_TipoTransaccion', 1,  'Crear Tipos de Transacción', '', 'N;'),
('Crear_Unidad',  1,  'Crear Unidades de Medida', '', 'N;'),
('Crear_Zona',  1,  'Crear Zonas',  '', 'N;'),
('DatosEmpresa',  1,  ':0 Datos Empresa{menu_sistema}{action_compania_create}', '', 'N;'),
('Departamento',  1,  ':1 Departamento{menu_varios}{action_ubicaciongeografica1_admin}',  '', 'N;'),
('Dependencia', 1,  ':7 Dependencias{menu_sistema}{action_departamento_admin}', '', 'N;'),
('Detalle_EnsableArticulo', 1,  'Ver los Componentes que tiene un Articulo Tipo Kit', '', 'N;'),
('Detalle_PrecioArticulo',  1,  'Ver los Precios que tiene un Articulo',  '', 'N;'),
('DiaFeriado',  1,  ':13 Días Feriados{menu_sistema}{action_diaferiado_admin}', '', 'N;'),
('DocumentoInventario', 1,  ':9 Documentos{menu_inventario}{action_documentoinv_admin}',  '', 'N;'),
('edit-advanced-profile-features',  0,  'D:\\wamp\\www\\siasoft_v2 - copia\\protected\\modules\\cruge\\views\\ui\\usermanagementupdate.php linea 113',  NULL, 'N;'),
('Eliminar_Bodega', 1,  'Eliminar Bodegas', '', 'N;'),
('Eliminar_Categoria',  1,  'Eliminar Categorias Clientes y Proveedores', '', 'N;'),
('Eliminar_CetroCosto', 1,  'Eliminar Cetros de Costo', '', 'N;'),
('Eliminar_Clasificacion',  1,  'Eliminar Clasificaciones', '', 'N;'),
('Eliminar_Cliente',  1,  'Eliminar Clientes',  '', 'N;'),
('Eliminar_CondicionPago',  1,  'Eliminar Condiciónes de Pago', '', 'N;'),
('Eliminar_ConsecutivoFacturacion', 1,  'Eliminar Consecutivos de Facturación', '', 'N;'),
('Eliminar_ConsecutivoInventario',  1,  'Eliminar Consecutivos de Inventario',  '', 'N;'),
('Eliminar_Dependencia',  1,  'Eliminar Dependencias',  '', 'N;'),
('Eliminar_DiaFeriado', 1,  'Eliminar DiasFeriados',  '', 'N;'),
('Eliminar_EntidadFinanciera',  1,  'Eliminar Entidades Financieras', '', 'N;'),
('Eliminar_FormatoImpresion', 1,  'Eliminar Formato de Impresión',  '', 'N;'),
('Eliminar_Nit',  1,  'Eliminar Nits',  '', 'N;'),
('Eliminar_Proveedor',  1,  'Eliminar Proveedores', '', 'N;'),
('Eliminar_SubClasificacion', 1,  'Eliminar SubClasificaciones',  '', 'N;'),
('Eliminar_TipoDocumento',  1,  'Eliminar Tipos de Documento',  '', 'N;'),
('Eliminar_TipoPrecio', 1,  'Eliminar Tipos de Precio', '', 'N;'),
('Eliminar_TipoTarjeta',  1,  'Eliminar Tipos de Tarjeta',  '', 'N;'),
('Eliminar_TipoTransaccion',  1,  'Eliminar Tipos de Transacción',  '', 'N;'),
('Eliminar_Unidad', 1,  'Eliminar Unidades de Medida',  '', 'N;'),
('Eliminar_Zona', 1,  'Eliminar Zonas', '', 'N;'),
('EnsableArticulo', 1,  ':0 Ensamble de Artículos{menu_facturacion}{action_articuloensamble_admin}',  '', 'N;'),
('EntidadFinanciera', 1,  ':10 Entidades Financieras{menu_sistema}{action_entidadfinanciera_admin}',  '', 'N;'),
('Exportar_Sistema_Excel',  1,  'Exportar los datos del menú sistema a Excel',  '', 'N;'),
('Exportar_Sistema_Pdf',  1,  'Exportar datos  del menú Sistema a Pdf', '', 'N;'),
('Factura', 1,  ':3 Facturas{menu_facturacion}{action_factura_admin}',  '', 'N;'),
('GenerarPDF_DocumentoInventario',  1,  'Generar Archivo PDF para Documentos de Inventario',  '', 'N;'),
('GenerarPDF_Factura',  1,  'Generar Archivo PDF para Facturas de Venta', '', 'N;'),
('GenerarPDF_IngresoCompra',  1,  'Generar Archivo PDF para Ingresos de Compra',  '', 'N;'),
('GenerarPDF_OrdenCompra',  1,  'Generar Archivo PDF para Ordenes de Compra', '', 'N;'),
('GenerarPDF_Pedido', 1,  'Generar Archivo PDF para Pedidos', '', 'N;'),
('GenerarPDF_SolicitudCompra',  1,  'Generar Archivo PDF para Solicitudes de Compra', '', 'N;'),
('Impuesto',  1,  ':3 Impuestos{menu_varios}{action_impuesto_admin}', '', 'N;'),
('IngresoCompra', 1,  ':2 Ingresos de Compra{menu_compras}{action_ingresocompra_admin}',  '', 'N;'),
('menu_compras',  1,  ':2 Compras', '', 'N;'),
('menu_facturacion',  1,  ':1 Facturación', '', 'N;'),
('menu_inventario', 1,  ':3 Inventario',  '', 'N;'),
('menu_sistema',  1,  ':4 Sistema', '', 'N;'),
('menu_usuarios', 1,  ':6 Usuarios',  '', 'N;'),
('menu_varios', 1,  ':5 Varios',  '', 'N;'),
('MetodoValuacion', 1,  ':6 Metodos de Valuación{menu_inventario}{action_metodovaluacioninv_admin}',  '', 'N;'),
('Municipios',  1,  ':2 Municipios{menu_varios}{action_ubicaciongeografica2_admin}',  '', 'N;'),
('operaciones', 0,  '', NULL, 'N;'),
('OrdenCompra', 1,  ':1 Ordenes de Compra{menu_compras}{action_ordencompra_admin}', '', 'N;'),
('Pais',  1,  ':0 Pais{menu_varios}{action_pais_admin}',  '', 'N;'),
('Papelera',  1,  ':15 Papelera de Reciclaje{menu_sistema}{action_papelera_index}', '', 'N;'),
('Pedido',  1,  ':2 Pedidos{menu_facturacion}{action_pedido_admin}',  '', 'N;'),
('PrecioArticulo',  1,  ':1 Precios de Articulos{menu_facturacion}{action_articuloprecio_admin}', '', 'N;'),
('Proveedor', 1,  ':3 Proveedores{menu_compras}{action_proveedor_admin}', '', 'N;'),
('Recibir_IngresoCompra', 1,  'Recibir Ingresos de Compra', '', 'N;'),
('RegimenTributario', 1,  ':5 Régimen Tributario{menu_varios}{action_regimentributario_admin}', '', 'N;'),
('RelacionNits',  1,  ':9 Relación de Nits{menu_sistema}{action_nit_admin}',  '', 'N;'),
('Retencion', 1,  ':4 Retenciónes{menu_varios}{action_retencion_admin}',  '', 'N;'),
('Rev-Aprobacion_DocumentoInventario',  1,  'Reversar Aprobaciones de Documentos de Inventario',  '', 'N;'),
('Rev-Autorizacion_OrdenCompra',  1,  'Reversar Autorización de Ordenes de Compra', '', 'N;'),
('Rev-Autorizacion_SolicitudCompra',  1,  'Reversar Autorización de Solicitudes de Compra', '', 'N;'),
('Rol_Demo',  2,  'un rol de demostracion', '', 'N;'),
('Sesion',  1,  ':4 Registro de Sesiones{menu_usuarios}{action_ui_sessionadmin}', '', 'N;'),
('SolicitudCompra', 1,  ':0 Solicitudes de Compra{menu_compras}{action_solicitudoc_admin}', '', 'N;'),
('SubClasificacion',  1,  ':3 SubClasificaciones{menu_inventario}{action_clasificacionadivalor_admin}', '', 'N;'),
('TipoArticulo',  1,  ':4 Tipos de Artículo{menu_inventario}{action_tipoarticulo_admin}', '', 'N;'),
('TipoDocumento', 1,  ':8 Tipos de Documento{menu_sistema}{action_tipodocumento_admin}',  '', 'N;'),
('TipoPrecio',  1,  ':11 Tipos de Precio{menu_sistema}{action_nivelprecio_admin}',  '', 'N;'),
('TipoTarjeta', 1,  ':12 Tipos de Tarjeta{menu_sistema}{action_tipotarjeta_admin}', '', 'N;'),
('TipoTransaccion', 1,  ':7 Tipos de Transacción{menu_inventario}{action_tipotransaccion_admin}', '', 'N;'),
('UnidadMedida',  1,  ':5 Unidades de Medida{menu_inventario}{action_unidadmedida_admin}',  '', 'N;'),
('Zona',  1,  ':2 Zonas{menu_sistema}{action_zona_admin}',  '', 'N;');

DROP TABLE IF EXISTS `cruge_authitemchild`;
CREATE TABLE `cruge_authitemchild` (
  `parent` varchar(64) NOT NULL,
  `child` varchar(64) NOT NULL,
  PRIMARY KEY (`parent`,`child`),
  KEY `child` (`child`),
  CONSTRAINT `crugeauthitemchild_ibfk_1` FOREIGN KEY (`parent`) REFERENCES `cruge_authitem` (`name`) ON DELETE CASCADE ON UPDATE CASCADE,
  CONSTRAINT `crugeauthitemchild_ibfk_2` FOREIGN KEY (`child`) REFERENCES `cruge_authitem` (`name`) ON DELETE CASCADE ON UPDATE CASCADE
) ENGINE=InnoDB DEFAULT CHARSET=latin1;

INSERT INTO `cruge_authitemchild` (`parent`, `child`) VALUES
('EnsableArticulo', 'action_articuloensamble_admin'),
('Actualizar_EnsableArticulo',  'action_articuloensamble_cargaarticulo'),
('Detalle_EnsableArticulo', 'action_articuloensamble_detalle'),
('Actualizar_EnsableArticulo',  'action_articuloensamble_iniciar'),
('Actualizar_EnsableArticulo',  'action_articuloensamble_update'),
('PrecioArticulo',  'action_articuloprecio_admin'),
('Detalle_PrecioArticulo',  'action_articuloprecio_detalle'),
('Actualizar_PrecioArticulo', 'action_articuloprecio_iniciar'),
('Actualizar_PrecioArticulo', 'action_articuloprecio_update'),
('Articulo',  'action_articulo_admin'),
('Actualizar_Articulo', 'action_articulo_cargar'),
('Crear_Articulo',  'action_articulo_cargar'),
('Actualizar_Articulo', 'action_articulo_cargarajax'),
('Crear_Articulo',  'action_articulo_cargarajax'),
('Actualizar_Articulo', 'action_articulo_cargarajax2'),
('Crear_Articulo',  'action_articulo_cargarajax2'),
('Actualizar_Articulo', 'action_articulo_cargarajax3'),
('Crear_Articulo',  'action_articulo_cargarajax3'),
('Actualizar_Articulo', 'action_articulo_cargarajax4'),
('Crear_Articulo',  'action_articulo_cargarajax4'),
('Actualizar_Articulo', 'action_articulo_cargarajax5'),
('Crear_Articulo',  'action_articulo_cargarajax5'),
('Actualizar_Articulo', 'action_articulo_create'),
('Crear_Articulo',  'action_articulo_create'),
('Bodega',  'action_bodega_admin'),
('ArticuloBodega',  'action_bodega_agregarlinea'),
('ArticuloBodega',  'action_bodega_articulos'),
('Crear_Bodega',  'action_bodega_create'),
('Eliminar_Bodega', 'action_bodega_delete'),
('ArticuloBodega',  'action_bodega_dirigir'),
('Exportar_Sistema_Excel',  'action_bodega_excel'),
('ArticuloBodega',  'action_bodega_inventario'),
('Exportar_Sistema_Pdf',  'action_bodega_pdf'),
('Papelera',  'action_bodega_restaurar'),
('Actualizar_Bodega', 'action_bodega_update'),
('Bodega',  'action_bodega_view'),
('Categorias',  'action_categoria_admin'),
('Crear_Categoria', 'action_categoria_create'),
('Eliminar_Categoria',  'action_categoria_delete'),
('Exportar_Sistema_Excel',  'action_categoria_excel'),
('Exportar_Sistema_Pdf',  'action_categoria_pdf'),
('Papelera',  'action_categoria_restaurar'),
('Actualizar_Categoria',  'action_categoria_update'),
('Categorias',  'action_categoria_view'),
('CetroCosto',  'action_centrocostos_admin'),
('Crear_CetroCosto',  'action_centrocostos_create'),
('Eliminar_CetroCosto', 'action_centrocostos_delete'),
('Exportar_Sistema_Excel',  'action_centrocostos_excel'),
('Exportar_Sistema_Pdf',  'action_centrocostos_pdf'),
('Papelera',  'action_centrocostos_restaurar'),
('Actualizar_CetroCosto', 'action_centrocostos_update'),
('CetroCosto',  'action_centrocostos_view'),
('SubClasificacion',  'action_clasificacionadivalor_admin'),
('Crear_SubClasificacion',  'action_clasificacionadivalor_create'),
('Eliminar_SubClasificacion', 'action_clasificacionadivalor_delete'),
('Papelera',  'action_clasificacionadivalor_restaurar'),
('Actualizar_SubClasificacion', 'action_clasificacionadivalor_update'),
('SubClasificacion',  'action_clasificacionadivalor_view'),
('Clasificacion', 'action_clasificacionadi_admin'),
('Crear_Clasificacion', 'action_clasificacionadi_create'),
('Eliminar_Clasificacion',  'action_clasificacionadi_delete'),
('Papelera',  'action_clasificacionadi_restaurar'),
('Actualizar_Clasificacion',  'action_clasificacionadi_update'),
('Clasificacion', 'action_clasificacionadi_view'),
('Cliente', 'action_cliente_admin'),
('Actualizar_Cliente',  'action_cliente_autocompletar'),
('Crear_Cliente', 'action_cliente_autocompletar'),
('Crear_Cliente', 'action_cliente_create'),
('Eliminar_Cliente',  'action_cliente_delete'),
('Papelera',  'action_cliente_restaurar'),
('Actualizar_Cliente',  'action_cliente_update'),
('Cliente', 'action_cliente_view'),
('CondicionPago', 'action_codicionpago_admin'),
('Crear_CondicionPago', 'action_codicionpago_create'),
('Eliminar_CondicionPago',  'action_codicionpago_delete'),
('Exportar_Sistema_Excel',  'action_codicionpago_excel'),
('Exportar_Sistema_Pdf',  'action_codicionpago_pdf'),
('Papelera',  'action_codicionpago_restaurar'),
('Actualizar_CondicionPago',  'action_codicionpago_update'),
('CondicionPago', 'action_codicionpago_view'),
('DatosEmpresa',  'action_compania_cargar'),
('DatosEmpresa',  'action_compania_create'),
('DatosEmpresa',  'action_compania_update'),
('ConfiguracionGeneral',  'action_confas_create'),
('ConfiguracionGeneral',  'action_confas_update'),
('ConfiguracionInventario', 'action_confci_create'),
('ConfiguracionInventario', 'action_confci_update'),
('ConfiguracionCompras',  'action_confco_create'),
('ConfiguracionCompras',  'action_confco_update'),
('ConfiguracionFacturacion',  'action_conffa_agregarlinea'),
('ConfiguracionFacturacion',  'action_conffa_autocompletar'),
('ConfiguracionFacturacion',  'action_conffa_cargarbod'),
('ConfiguracionFacturacion',  'action_conffa_cargarcat'),
('ConfiguracionFacturacion',  'action_conffa_cargarcond'),
('ConfiguracionFacturacion',  'action_conffa_create'),
('ConfiguracionFacturacion',  'action_conffa_update'),
('ConsecutivoInventario', 'action_consecutivoci_admin'),
('Actualizar_ConsecutivoInventario',  'action_consecutivoci_cargartransaccion'),
('Crear_ConsecutivoInventario', 'action_consecutivoci_cargartransaccion'),
('Crear_ConsecutivoInventario', 'action_consecutivoci_create'),
('Eliminar_ConsecutivoInventario',  'action_consecutivoci_delete'),
('Papelera',  'action_consecutivoci_restaurar'),
('Actualizar_ConsecutivoInventario',  'action_consecutivoci_update'),
('ConsecutivoInventario', 'action_consecutivoci_view'),
('ConsecutivoFacturacion',  'action_consecutivofa_admin'),
('Crear_ConsecutivoFacturacion',  'action_consecutivofa_create'),
('Eliminar_ConsecutivoFacturacion', 'action_consecutivofa_delete'),
('Papelera',  'action_consecutivofa_restaurar'),
('Actualizar_ConsecutivoFacturacion', 'action_consecutivofa_update'),
('ConsecutivoFacturacion',  'action_consecutivofa_view'),
('Dependencia', 'action_departamento_admin'),
('Crear_Dependencia', 'action_departamento_create'),
('Eliminar_Dependencia',  'action_departamento_delete'),
('Exportar_Sistema_Excel',  'action_departamento_excel'),
('Exportar_Sistema_Pdf',  'action_departamento_pdf'),
('Papelera',  'action_departamento_restaurar'),
('Actualizar_Dependencia',  'action_departamento_update'),
('Dependencia', 'action_departamento_view'),
('DiaFeriado',  'action_diaferiado_admin'),
('Crear_DiaFeriado',  'action_diaferiado_create'),
('Eliminar_DiaFeriado', 'action_diaferiado_delete'),
('Exportar_Sistema_Excel',  'action_diaferiado_excel'),
('Exportar_Sistema_Pdf',  'action_diaferiado_pdf'),
('Papelera',  'action_diaferiado_restaurar'),
('Actualizar_DiaFeriado', 'action_diaferiado_update'),
('DiaFeriado',  'action_diaferiado_view'),
('DocumentoInventario', 'action_documentoinv_admin'),
('Actualizar_DocumentoInventario',  'action_documentoinv_agregarlinea'),
('Crear_DocumentoInventario', 'action_documentoinv_agregarlinea'),
('Aplicar_DocumentoInventario', 'action_documentoinv_aplicar'),
('Aprobar_DocumentoInventario', 'action_documentoinv_aprobar'),
('Cancelar_DocumentoInventario',  'action_documentoinv_cancelar'),
('Actualizar_DocumentoInventario',  'action_documentoinv_cargarconsecutivo'),
('Crear_DocumentoInventario', 'action_documentoinv_cargarconsecutivo'),
('Crear_DocumentoInventario', 'action_documentoinv_create'),
('GenerarPDF_DocumentoInventario',  'action_documentoinv_formatopdf'),
('Rev-Aprobacion_DocumentoInventario',  'action_documentoinv_reversar'),
('Actualizar_DocumentoInventario',  'action_documentoinv_update'),
('EntidadFinanciera', 'action_entidadfinanciera_admin'),
('Actualziar_EntidadFinanciera',  'action_entidadfinanciera_autocompletar'),
('Crear_EntidadFinanciera', 'action_entidadfinanciera_autocompletar'),
('Crear_EntidadFinanciera', 'action_entidadfinanciera_create'),
('Eliminar_EntidadFinanciera',  'action_entidadfinanciera_delete'),
('Exportar_Sistema_Excel',  'action_entidadfinanciera_excel'),
('Exportar_Sistema_Pdf',  'action_entidadfinanciera_pdf'),
('Papelera',  'action_entidadfinanciera_restaurar'),
('Actualziar_EntidadFinanciera',  'action_entidadfinanciera_update'),
('EntidadFinanciera', 'action_entidadfinanciera_view'),
('Factura', 'action_factura_admin'),
('Crear_Factura', 'action_factura_agregarlinea'),
('Actualizar_Pedido', 'action_factura_cargarconsecutivo'),
('Crear_Factura', 'action_factura_cargarconsecutivo'),
('Crear_Pedido',  'action_factura_cargarconsecutivo'),
('Crear_Factura', 'action_factura_create'),
('GenerarPDF_Factura',  'action_factura_formatopdf'),
('AdministracionReportes',  'action_formatoimpresion_admin'),
('Crear_FormatoImpresion',  'action_formatoimpresion_create'),
('Eliminar_FormatoImpresion', 'action_formatoimpresion_delete'),
('Actualizar_FormatoImpresion', 'action_formatoimpresion_formato'),
('Crear_FormatoImpresion',  'action_formatoimpresion_formato'),
('Papelera',  'action_formatoimpresion_restaurar'),
('Actualizar_FormatoImpresion', 'action_formatoimpresion_submodulo'),
('Crear_FormatoImpresion',  'action_formatoimpresion_submodulo'),
('Actualizar_FormatoImpresion', 'action_formatoimpresion_update'),
('AdministracionReportes',  'action_formatoimpresion_view'),
('Impuesto',  'action_impuesto_admin'),
('Actualizar_Cliente',  'action_impuesto_cargarimpuesto'),
('Crear_Cliente', 'action_impuesto_cargarimpuesto'),
('Exportar_Sistema_Excel',  'action_impuesto_excel'),
('Exportar_Sistema_Pdf',  'action_impuesto_pdf'),
('Crear_IngresoCompra', 'action_ingresocompra_actlinea'),
('IngresoCompra', 'action_ingresocompra_admin'),
('Recibir_IngresoCompra', 'action_ingresocompra_aplicar'),
('Cancelar_IngresoCompra',  'action_ingresocompra_cancelar'),
('Crear_IngresoCompra', 'action_ingresocompra_cargararticulo'),
('Crear_IngresoCompra', 'action_ingresocompra_cargarlineas'),
('Crear_IngresoCompra', 'action_ingresocompra_cargarproveedor'),
('Crear_IngresoCompra', 'action_ingresocompra_create'),
('GenerarPDF_IngresoCompra',  'action_ingresocompra_formatopdf'),
('Recibir_IngresoCompra', 'action_ingresocompra_listar'),
('MetodoValuacion', 'action_metodovaluacioninv_admin'),
('RelacionNits',  'action_nit_admin'),
('Crear_Nit', 'action_nit_create'),
('Eliminar_Nit',  'action_nit_delete'),
('Exportar_Sistema_Excel',  'action_nit_excel'),
('Actualizar_Nit',  'action_nit_mascara'),
('Crear_Nit', 'action_nit_mascara'),
('Exportar_Sistema_Pdf',  'action_nit_pdf'),
('Papelera',  'action_nit_restaurar'),
('Actualizar_Nit',  'action_nit_update'),
('RelacionNits',  'action_nit_view'),
('TipoPrecio',  'action_nivelprecio_admin'),
('Crear_TipoPrecio',  'action_nivelprecio_create'),
('Eliminar_TipoPrecio', 'action_nivelprecio_delete'),
('Exportar_Sistema_Excel',  'action_nivelprecio_excel'),
('Exportar_Sistema_Pdf',  'action_nivelprecio_pdf'),
('Papelera',  'action_nivelprecio_restaurar'),
('Actualizar_TipoPrecio', 'action_nivelprecio_update'),
('TipoPrecio',  'action_nivelprecio_view'),
('Actualizar_OrdenCompra',  'action_ordencompra_actualizaimpuesto'),
('Crear_OrdenCompra', 'action_ordencompra_actualizaimpuesto'),
('OrdenCompra', 'action_ordencompra_admin'),
('Autorizar_OrdenCompra', 'action_ordencompra_autorizar'),
('Cancelar_OrdenCompra',  'action_ordencompra_cancelar'),
('Actualizar_OrdenCompra',  'action_ordencompra_cargararticulo'),
('Crear_OrdenCompra', 'action_ordencompra_cargararticulo'),
('Actualizar_OrdenCompra',  'action_ordencompra_cargarlineas'),
('Crear_OrdenCompra', 'action_ordencompra_cargarlineas'),
('Actualizar_OrdenCompra',  'action_ordencompra_cargarproveedor'),
('Crear_OrdenCompra', 'action_ordencompra_cargarproveedor'),
('Cerrar_OrdenCompra',  'action_ordencompra_cerrar'),
('Crear_OrdenCompra', 'action_ordencompra_create'),
('GenerarPDF_OrdenCompra',  'action_ordencompra_formatopdf'),
('Rev-Autorizacion_OrdenCompra',  'action_ordencompra_reversar'),
('Actualizar_OrdenCompra',  'action_ordencompra_update'),
('Pais',  'action_pais_admin'),
('Exportar_Sistema_Excel',  'action_pais_excel'),
('Exportar_Sistema_Pdf',  'action_pais_pdf'),
('Papelera',  'action_papelera_cargagrilla'),
('Papelera',  'action_papelera_index'),
('Pedido',  'action_pedido_admin'),
('Actualizar_Pedido', 'action_pedido_agregarlinea'),
('Crear_Pedido',  'action_pedido_agregarlinea'),
('Actualizar_Pedido', 'action_pedido_cargartipoprecio'),
('Crear_Factura', 'action_pedido_cargartipoprecio'),
('Crear_Pedido',  'action_pedido_cargartipoprecio'),
('Crear_Pedido',  'action_pedido_create'),
('Actualizar_Pedido', 'action_pedido_dirigir'),
('Crear_Factura', 'action_pedido_dirigir'),
('Crear_Pedido',  'action_pedido_dirigir'),
('GenerarPDF_Pedido', 'action_pedido_formatopdf'),
('Actualizar_Pedido', 'action_pedido_update'),
('Proveedor', 'action_proveedor_admin'),
('Actualizar_Cliente',  'action_proveedor_autocompletar'),
('Actualizar_Proveedor',  'action_proveedor_autocompletar'),
('Crear_Cliente', 'action_proveedor_autocompletar'),
('Crear_Proveedor', 'action_proveedor_autocompletar'),
('Actualizar_Cliente',  'action_proveedor_cargarnit'),
('Actualizar_Proveedor',  'action_proveedor_cargarnit'),
('Crear_Cliente', 'action_proveedor_cargarnit'),
('Crear_Proveedor', 'action_proveedor_cargarnit'),
('Actualizar_Cliente',  'action_proveedor_cargarubicacion'),
('Actualizar_Proveedor',  'action_proveedor_cargarubicacion'),
('Crear_Cliente', 'action_proveedor_cargarubicacion'),
('Crear_Proveedor', 'action_proveedor_cargarubicacion'),
('Crear_Proveedor', 'action_proveedor_create'),
('Eliminar_Proveedor',  'action_proveedor_delete'),
('Papelera',  'action_proveedor_restaurar'),
('Actualizar_Proveedor',  'action_proveedor_update'),
('Proveedor', 'action_proveedor_view'),
('RegimenTributario', 'action_regimentributario_admin'),
('Actualizar_Cliente',  'action_regimentributario_cargarregimen'),
('Crear_Cliente', 'action_regimentributario_cargarregimen'),
('Exportar_Sistema_Excel',  'action_regimentributario_excel'),
('Exportar_Sistema_Pdf',  'action_regimentributario_pdf'),
('Retencion', 'action_retencion_admin'),
('Exportar_Sistema_Excel',  'action_retencion_excel'),
('Exportar_Sistema_Pdf',  'action_retencion_pdf'),
('SolicitudCompra', 'action_solicitudoc_admin'),
('Actualizar_SolicitudCompra',  'action_solicitudoc_agregarlinea'),
('Crear_SolicitudCompra', 'action_solicitudoc_agregarlinea'),
('Autorizar_SolicitudCompra', 'action_solicitudoc_autorizar'),
('Cancelar_SolicitudCompra',  'action_solicitudoc_cancelar'),
('Actualizar_SolicitudCompra',  'action_solicitudoc_cargararticulo'),
('Crear_SolicitudCompra', 'action_solicitudoc_cargararticulo'),
('Crear_SolicitudCompra', 'action_solicitudoc_create'),
('GenerarPDF_SolicitudCompra',  'action_solicitudoc_formatopdf'),
('Rev-Autorizacion_SolicitudCompra',  'action_solicitudoc_reversar'),
('Actualizar_SolicitudCompra',  'action_solicitudoc_update'),
('TipoArticulo',  'action_tipoarticulo_admin'),
('TipoDocumento', 'action_tipodocumento_admin'),
('Crear_TipoDocumento', 'action_tipodocumento_create'),
('Eliminar_TipoDocumento',  'action_tipodocumento_delete'),
('Exportar_Sistema_Excel',  'action_tipodocumento_excel'),
('Papelera',  'action_tipodocumento_restaurar'),
('Actualizar_TipoDocumento',  'action_tipodocumento_update'),
('TipoDocumento', 'action_tipodocumento_view'),
('TipoTarjeta', 'action_tipotarjeta_admin'),
('Crear_TipoTarjeta', 'action_tipotarjeta_create'),
('Eliminar_TipoTarjeta',  'action_tipotarjeta_delete'),
('Exportar_Sistema_Excel',  'action_tipotarjeta_excel'),
('Exportar_Sistema_Pdf',  'action_tipotarjeta_pdf'),
('Papelera',  'action_tipotarjeta_restaurar'),
('Actualizar_TipoTarjeta',  'action_tipotarjeta_update'),
('TipoTarjeta', 'action_tipotarjeta_view'),
('TipoTransaccion', 'action_tipotransaccion_admin'),
('Actualizar_TipoTransaccion',  'action_tipotransaccion_cargarcantidad'),
('Crear_TipoTransaccion', 'action_tipotransaccion_cargarcantidad'),
('Crear_TipoTransaccion', 'action_tipotransaccion_create'),
('Eliminar_TipoTransaccion',  'action_tipotransaccion_delete'),
('Papelera',  'action_tipotransaccion_restaurar'),
('Actualizar_TipoTransaccion',  'action_tipotransaccion_update'),
('TipoTransaccion', 'action_tipotransaccion_view'),
('Departamento',  'action_ubicaciongeografica1_admin'),
('Exportar_Sistema_Excel',  'action_ubicaciongeografica1_excel'),
('Exportar_Sistema_Pdf',  'action_ubicaciongeografica1_pdf'),
('Municipios',  'action_ubicaciongeografica2_admin'),
('Exportar_Sistema_Excel',  'action_ubicaciongeografica2_excel'),
('Exportar_Sistema_Pdf',  'action_ubicaciongeografica2_pdf'),
('AdministrarUsuarios', 'action_ui_ajaxgeneratenewpassword'),
('CrearUsuario',  'action_ui_ajaxgeneratenewpassword'),
('AdminsitrarRoles',  'action_ui_rbacajaxsetchilditem'),
('AdminsitrarRoles',  'action_ui_rbacauthitemchilditems'),
('AdminsitrarRoles',  'action_ui_rbacauthitemcreate'),
('AdminsitrarRoles',  'action_ui_rbacauthitemdelete'),
('AdminsitrarRoles',  'action_ui_rbacauthitemupdate'),
('AdminsitrarRoles',  'action_ui_rbaclistroles'),
('AsignarRoles',  'action_ui_rbacusersassignments'),
('Sesion',  'action_ui_sessionadmin'),
('Sesion',  'action_ui_sessionadmindelete'),
('AdministrarUsuarios', 'action_ui_usermanagementadmin'),
('CrearUsuario',  'action_ui_usermanagementcreate'),
('AdministrarUsuarios', 'action_ui_usermanagementdelete'),
('AdministrarUsuarios', 'action_ui_usermanagementupdate'),
('AdministrarUsuarios', 'action_ui_usersaved'),
('CrearUsuario',  'action_ui_usersaved'),
('UnidadMedida',  'action_unidadmedida_admin'),
('Actualizar_Unidad', 'action_unidadmedida_cargarbase'),
('Crear_Unidad',  'action_unidadmedida_cargarbase'),
('Crear_Unidad',  'action_unidadmedida_create'),
('Eliminar_Unidad', 'action_unidadmedida_delete'),
('Papelera',  'action_unidadmedida_restaurar'),
('Actualizar_Unidad', 'action_unidadmedida_update'),
('UnidadMedida',  'action_unidadmedida_view'),
('Zona',  'action_zona_admin'),
('Actualizar_Cliente',  'action_zona_cargarzonas'),
('Crear_Cliente', 'action_zona_cargarzonas'),
('Crear_Zona',  'action_zona_create'),
('Eliminar_Zona', 'action_zona_delete'),
('Exportar_Sistema_Excel',  'action_zona_excel'),
('Exportar_Sistema_Pdf',  'action_zona_pdf'),
('Papelera',  'action_zona_restaurar'),
('Actualizar_Zona', 'action_zona_update'),
('Zona',  'action_zona_view'),
('menu_sistema',  'AdministracionReportes'),
('Rol_Demo',  'AdministracionReportes'),
('menu_usuarios', 'AdministrarUsuarios'),
('menu_usuarios', 'AdminsitrarRoles'),
('menu_inventario', 'Articulo'),
('menu_inventario', 'ArticuloBodega'),
('menu_usuarios', 'AsignarRoles'),
('menu_sistema',  'Bodega'),
('Rol_Demo',  'Bodega'),
('menu_sistema',  'Categorias'),
('menu_sistema',  'CetroCosto'),
('menu_inventario', 'Clasificacion'),
('menu_facturacion',  'Cliente'),
('menu_sistema',  'CondicionPago'),
('menu_compras',  'ConfiguracionCompras'),
('menu_facturacion',  'ConfiguracionFacturacion'),
('menu_sistema',  'ConfiguracionGeneral'),
('menu_inventario', 'ConfiguracionInventario'),
('menu_facturacion',  'ConsecutivoFacturacion'),
('menu_inventario', 'ConsecutivoInventario'),
('Papelera',  'controller_papelera'),
('menu_usuarios', 'CrearUsuario'),
('menu_sistema',  'DatosEmpresa'),
('menu_varios', 'Departamento'),
('menu_sistema',  'Dependencia'),
('menu_sistema',  'DiaFeriado'),
('menu_inventario', 'DocumentoInventario'),
('menu_facturacion',  'EnsableArticulo'),
('menu_sistema',  'EntidadFinanciera'),
('menu_facturacion',  'Factura'),
('menu_varios', 'Impuesto'),
('menu_compras',  'IngresoCompra'),
('Rol_Demo',  'menu_inventario'),
('Rol_Demo',  'menu_sistema'),
('Rol_Demo',  'menu_usuarios'),
('menu_inventario', 'MetodoValuacion'),
('menu_varios', 'Municipios'),
('menu_compras',  'OrdenCompra'),
('menu_varios', 'Pais'),
('menu_sistema',  'Papelera'),
('menu_facturacion',  'Pedido'),
('menu_facturacion',  'PrecioArticulo'),
('menu_compras',  'Proveedor'),
('menu_varios', 'RegimenTributario'),
('menu_sistema',  'RelacionNits'),
('menu_varios', 'Retencion'),
('menu_usuarios', 'Sesion'),
('menu_compras',  'SolicitudCompra'),
('menu_inventario', 'SubClasificacion'),
('menu_inventario', 'TipoArticulo'),
('menu_sistema',  'TipoDocumento'),
('menu_sistema',  'TipoPrecio'),
('menu_sistema',  'TipoTarjeta'),
('menu_inventario', 'TipoTransaccion'),
('menu_inventario', 'UnidadMedida'),
('menu_sistema',  'Zona');

DROP TABLE IF EXISTS `cruge_field`;
CREATE TABLE `cruge_field` (
  `idfield` int(11) NOT NULL AUTO_INCREMENT,
  `fieldname` varchar(20) NOT NULL,
  `longname` varchar(50) DEFAULT NULL,
  `position` int(11) DEFAULT '0',
  `required` int(11) DEFAULT '0',
  `fieldtype` int(11) DEFAULT '0',
  `fieldsize` int(11) DEFAULT '20',
  `maxlength` int(11) DEFAULT '45',
  `showinreports` int(11) DEFAULT '0',
  `useregexp` varchar(512) DEFAULT NULL,
  `useregexpmsg` varchar(512) DEFAULT NULL,
  `predetvalue` mediumblob,
  PRIMARY KEY (`idfield`)
) ENGINE=InnoDB DEFAULT CHARSET=latin1;


DROP TABLE IF EXISTS `cruge_fieldvalue`;
CREATE TABLE `cruge_fieldvalue` (
  `idfieldvalue` int(11) NOT NULL AUTO_INCREMENT,
  `iduser` int(11) NOT NULL,
  `idfield` int(11) NOT NULL,
  `value` blob,
  PRIMARY KEY (`idfieldvalue`),
  KEY `fk_cruge_fieldvalue_cruge_user1` (`iduser`),
  KEY `fk_cruge_fieldvalue_cruge_field1` (`idfield`),
  CONSTRAINT `fk_cruge_fieldvalue_cruge_field1` FOREIGN KEY (`idfield`) REFERENCES `cruge_field` (`idfield`) ON DELETE CASCADE ON UPDATE NO ACTION,
  CONSTRAINT `fk_cruge_fieldvalue_cruge_user1` FOREIGN KEY (`iduser`) REFERENCES `cruge_user` (`iduser`) ON DELETE CASCADE ON UPDATE NO ACTION
) ENGINE=InnoDB DEFAULT CHARSET=latin1;


DROP TABLE IF EXISTS `cruge_session`;
CREATE TABLE `cruge_session` (
  `idsession` int(11) NOT NULL AUTO_INCREMENT,
  `iduser` int(11) NOT NULL,
  `created` bigint(30) DEFAULT NULL,
  `expire` bigint(30) DEFAULT NULL,
  `status` int(11) DEFAULT '0',
  `ipaddress` varchar(45) DEFAULT NULL,
  `usagecount` int(11) DEFAULT '0',
  `lastusage` bigint(30) DEFAULT NULL,
  `logoutdate` bigint(30) DEFAULT NULL,
  `ipaddressout` varchar(45) DEFAULT NULL,
  PRIMARY KEY (`idsession`),
  KEY `crugesession_iduser` (`iduser`)
) ENGINE=InnoDB AUTO_INCREMENT=25 DEFAULT CHARSET=latin1;

DROP TABLE IF EXISTS `cruge_system`;
CREATE TABLE `cruge_system` (
  `idsystem` int(11) NOT NULL AUTO_INCREMENT,
  `name` varchar(45) DEFAULT NULL,
  `largename` varchar(45) DEFAULT NULL,
  `sessionmaxdurationmins` int(11) DEFAULT '30',
  `sessionmaxsameipconnections` int(11) DEFAULT '10',
  `sessionreusesessions` int(11) DEFAULT '1' COMMENT '1yes 0no',
  `sessionmaxsessionsperday` int(11) DEFAULT '-1',
  `sessionmaxsessionsperuser` int(11) DEFAULT '-1',
  `systemnonewsessions` int(11) DEFAULT '0' COMMENT '1yes 0no',
  `systemdown` int(11) DEFAULT '0',
  `registerusingcaptcha` int(11) DEFAULT '0',
  `registerusingterms` int(11) DEFAULT '0',
  `terms` blob,
  `registerusingactivation` int(11) DEFAULT '1',
  `defaultroleforregistration` varchar(64) DEFAULT NULL,
  `registerusingtermslabel` varchar(100) DEFAULT NULL,
  `registrationonlogin` int(11) DEFAULT '1',
  PRIMARY KEY (`idsystem`)
) ENGINE=InnoDB AUTO_INCREMENT=2 DEFAULT CHARSET=latin1;

INSERT INTO `cruge_system` (`idsystem`, `name`, `largename`, `sessionmaxdurationmins`, `sessionmaxsameipconnections`, `sessionreusesessions`, `sessionmaxsessionsperday`, `sessionmaxsessionsperuser`, `systemnonewsessions`, `systemdown`, `registerusingcaptcha`, `registerusingterms`, `terms`, `registerusingactivation`, `defaultroleforregistration`, `registerusingtermslabel`, `registrationonlogin`) VALUES
(1, 'default',  NULL, 9999, 10, 1,  -1, -1, 0,  0,  0,  0,  '', 0,  '', '', 0);

DROP TABLE IF EXISTS `cruge_user`;
CREATE TABLE `cruge_user` (
  `iduser` int(11) NOT NULL AUTO_INCREMENT,
  `regdate` bigint(30) DEFAULT NULL,
  `actdate` bigint(30) DEFAULT NULL,
  `logondate` bigint(30) DEFAULT NULL,
  `username` varchar(64) DEFAULT NULL,
  `email` varchar(45) DEFAULT NULL,
  `password` varchar(64) DEFAULT NULL COMMENT 'Hashed password',
  `authkey` varchar(100) DEFAULT NULL COMMENT 'llave de autentificacion',
  `state` int(11) DEFAULT '0',
  `totalsessioncounter` int(11) DEFAULT '0',
  `currentsessioncounter` int(11) DEFAULT '0',
  PRIMARY KEY (`iduser`)
) ENGINE=InnoDB AUTO_INCREMENT=4 DEFAULT CHARSET=latin1;

INSERT INTO `cruge_user` (`iduser`, `regdate`, `actdate`, `logondate`, `username`, `email`, `password`, `authkey`, `state`, `totalsessioncounter`, `currentsessioncounter`) VALUES
(1, NULL, NULL, 1360334100, 'admin',  'admin@tucorreo.com', 'admin',  NULL, 1,  0,  0),
(3, 1357134333, NULL, 1357216031, 'demo', 'demo@demo.com',  '1234556',  '8a643a14e989d36cfb94543d72d7a210', 1,  0,  0);

DROP TABLE IF EXISTS `departamento`;
CREATE TABLE `departamento` (
  `ID` varchar(10) NOT NULL COMMENT 'identificación alfanumérica del departamento, la casilla tiene campo para 10 dígitos.',
  `DESCRIPCION` varchar(64) NOT NULL COMMENT 'nombre del departamento, la casilla tiene campo para 40 dígitos.',
  `ACTIVO` varchar(1) NOT NULL,
  `CREADO_POR` varchar(20) NOT NULL,
  `CREADO_EL` datetime NOT NULL,
  `ACTUALIZADO_POR` varchar(20) NOT NULL,
  `ACTUALIZADO_EL` datetime NOT NULL,
  PRIMARY KEY (`ID`)
) ENGINE=InnoDB DEFAULT CHARSET=latin1 COMMENT='La tabla de datos que despliega la opción, sirve para establ';


DROP TABLE IF EXISTS `dia`;
CREATE TABLE `dia` (
  `DIA` smallint(6) NOT NULL,
  `NOMBRE` varchar(16) NOT NULL,
  `ACTIVO` varchar(1) NOT NULL,
  `CREADO_POR` varchar(20) NOT NULL,
  `CREADO_EL` datetime NOT NULL,
  `ACTUALIZADO_POR` varchar(20) NOT NULL,
  `ACTUALIZADO_EL` datetime NOT NULL,
  PRIMARY KEY (`DIA`)
) ENGINE=InnoDB DEFAULT CHARSET=latin1 COMMENT='dias de la semana';


DROP TABLE IF EXISTS `dia_feriado`;
CREATE TABLE `dia_feriado` (
  `ID` int(11) NOT NULL AUTO_INCREMENT COMMENT 'Id',
  `TIPO` varchar(1) NOT NULL COMMENT 'Este espacio dispone de un botón con una flecha que señala hacia abajo, el cual le da la opción al usuario de elegir entre dos tipos de feriado predestinados, los cuales son: Fijo y Variable.\n            El Fijo es el que se da por ley, establecido por ob',
  `DIA` int(11) NOT NULL COMMENT 'nombre del departamento, la casilla tiene campo para 40 dígitos.',
  `MES` int(11) NOT NULL,
  `ANIO` int(11) DEFAULT NULL,
  `DESCRIPCION` varchar(64) NOT NULL,
  `ACTIVO` varchar(1) NOT NULL,
  `CREADO_POR` varchar(20) NOT NULL,
  `CREADO_EL` datetime NOT NULL,
  `ACTUALIZADO_POR` varchar(20) NOT NULL,
  `ACTUALIZADO_EL` datetime NOT NULL,
  PRIMARY KEY (`ID`)
) ENGINE=InnoDB AUTO_INCREMENT=2 DEFAULT CHARSET=latin1 COMMENT='Permite definir los dias festivos o feriados para que no los';


DROP TABLE IF EXISTS `documento_inv`;
CREATE TABLE `documento_inv` (
  `DOCUMENTO_INV` varchar(20) NOT NULL,
  `CONSECUTIVO` varchar(10) NOT NULL,
  `FECHA_DOCUMENTO` date NOT NULL,
  `REFERENCIA` varchar(200) NOT NULL,
  `ESTADO` varchar(1) NOT NULL COMMENT '[P]endiente\n            [A]probado\n            [L]isto o Aplicado\n            [C]ancelado',
  `CREADO_POR` varchar(20) NOT NULL,
  `CREADO_EL` datetime NOT NULL,
  `ACTUALIZADO_POR` varchar(20) NOT NULL,
  `ACTUALIZADO_EL` datetime NOT NULL,
  PRIMARY KEY (`DOCUMENTO_INV`),
  KEY `FK_TIPO_CONSECUTIVO_DOCUMENTO` (`CONSECUTIVO`),
  CONSTRAINT `FK_TIPO_CONSECUTIVO_DOCUMENTO` FOREIGN KEY (`CONSECUTIVO`) REFERENCES `consecutivo_ci` (`ID`)
) ENGINE=InnoDB DEFAULT CHARSET=latin1 COMMENT='Almacena los documentos creados en el modulo de inventarios';


DROP TABLE IF EXISTS `documento_inv_linea`;
CREATE TABLE `documento_inv_linea` (
  `DOCUMENTO_INV_LINEA` int(11) NOT NULL AUTO_INCREMENT,
  `DOCUMENTO_INV` varchar(20) NOT NULL,
  `LINEA_NUM` smallint(6) NOT NULL,
  `TIPO_TRANSACCION` varchar(4) NOT NULL,
  `SUBTIPO` int(11) DEFAULT NULL,
  `TIPO_TRANSACCION_CANTIDAD` varchar(1) DEFAULT NULL,
  `BODEGA` varchar(4) NOT NULL,
  `BODEGA_DESTINO` varchar(4) DEFAULT NULL,
  `ARTICULO` varchar(20) NOT NULL,
  `CANTIDAD` decimal(28,8) NOT NULL,
  `UNIDAD` int(11) NOT NULL,
  `COSTO_UNITARIO` decimal(28,8) NOT NULL,
  `ACTIVO` varchar(1) NOT NULL,
  `CREADO_POR` varchar(20) NOT NULL,
  `CREADO_EL` datetime NOT NULL,
  `ACTUALIZADO_POR` varchar(20) NOT NULL,
  `ACTUALIZADO_EL` datetime NOT NULL,
  PRIMARY KEY (`DOCUMENTO_INV_LINEA`),
  KEY `FK_ARTICULO_MOVIMIENTO` (`ARTICULO`),
  KEY `FK_BODEFA_A_AFECTAR` (`BODEGA`),
  KEY `FK_DOCUMENTO_INV` (`DOCUMENTO_INV`),
  KEY `FK_SUBTIPO_TRANSACCION` (`SUBTIPO`),
  KEY `FK_TIPO_TRANSACCION` (`TIPO_TRANSACCION`),
  KEY `FK_UNIDAD_MOVIMIENTO` (`UNIDAD`),
  KEY `FK_TIPO_CANTIDAD_AFECTAR` (`TIPO_TRANSACCION_CANTIDAD`),
  KEY `FK_BODEGA_DESTINO` (`BODEGA_DESTINO`),
  CONSTRAINT `FK_ARTICULO_MOVIMIENTO` FOREIGN KEY (`ARTICULO`) REFERENCES `articulo` (`ARTICULO`),
  CONSTRAINT `FK_BODEFA_A_AFECTAR` FOREIGN KEY (`BODEGA`) REFERENCES `bodega` (`ID`),
  CONSTRAINT `FK_BODEGA_DESTINO` FOREIGN KEY (`BODEGA_DESTINO`) REFERENCES `bodega` (`ID`),
  CONSTRAINT `FK_DOCUMENTO_INV` FOREIGN KEY (`DOCUMENTO_INV`) REFERENCES `documento_inv` (`DOCUMENTO_INV`),
  CONSTRAINT `FK_SUBTIPO_TRANSACCION` FOREIGN KEY (`SUBTIPO`) REFERENCES `subtipo_transaccion` (`ID`),
  CONSTRAINT `FK_TIPO_CANTIDAD_AFECTAR` FOREIGN KEY (`TIPO_TRANSACCION_CANTIDAD`) REFERENCES `tipo_cantidad_articulo` (`ID`),
  CONSTRAINT `FK_TIPO_TRANSACCION` FOREIGN KEY (`TIPO_TRANSACCION`) REFERENCES `tipo_transaccion` (`TIPO_TRANSACCION`),
  CONSTRAINT `FK_UNIDAD_MOVIMIENTO` FOREIGN KEY (`UNIDAD`) REFERENCES `unidad_medida` (`ID`)
) ENGINE=InnoDB AUTO_INCREMENT=2 DEFAULT CHARSET=latin1 COMMENT='Lineas del documento de inventario';


DROP TABLE IF EXISTS `entidad_financiera`;
CREATE TABLE `entidad_financiera` (
  `ID` int(11) NOT NULL,
  `NIT` varchar(20) NOT NULL,
  `DESCRIPCION` varchar(64) NOT NULL,
  `ACTIVO` varchar(1) NOT NULL,
  `CREADO_POR` varchar(20) NOT NULL,
  `CREADO_EL` datetime NOT NULL,
  `ACTUALIZADO_POR` varchar(20) NOT NULL,
  `ACTUALIZADO_EL` datetime NOT NULL,
  PRIMARY KEY (`ID`),
  KEY `FK_NIT_ENTIDAD_FINACIERA` (`NIT`),
  CONSTRAINT `FK_NIT_ENTIDAD_FINACIERA` FOREIGN KEY (`NIT`) REFERENCES `nit` (`ID`)
) ENGINE=InnoDB DEFAULT CHARSET=latin1 COMMENT='El objetivo de esta tabla es definir todas las entidades fin';


DROP TABLE IF EXISTS `estado_empleado`;
CREATE TABLE `estado_empleado` (
  `ESTADO_EMPLEADO` varchar(4) NOT NULL,
  `DESCRIPCION` varchar(64) NOT NULL,
  `ACTIVO` varchar(1) DEFAULT NULL,
  `PAGO` varchar(1) DEFAULT NULL,
  `TEMPORAL` varchar(1) DEFAULT NULL,
  `CREADO_POR` varchar(20) NOT NULL,
  `CREADO_EL` datetime NOT NULL,
  `ACTUALIZADO_POR` varchar(20) NOT NULL,
  `ACTUALIZADO_EL` datetime NOT NULL,
  PRIMARY KEY (`ESTADO_EMPLEADO`)
) ENGINE=InnoDB DEFAULT CHARSET=latin1 COMMENT='Tabla donde se almacenan los estados para los empleados';


DROP TABLE IF EXISTS `existencia_bodega`;
CREATE TABLE `existencia_bodega` (
  `ID` int(11) NOT NULL AUTO_INCREMENT,
  `ARTICULO` varchar(20) NOT NULL,
  `BODEGA` varchar(4) NOT NULL,
  `EXISTENCIA_MINIMA` decimal(28,8) NOT NULL,
  `EXISTENCIA_MAXIMA` decimal(28,8) NOT NULL,
  `PUNTO_REORDEN` decimal(28,8) NOT NULL,
  `CANT_DISPONIBLE` decimal(28,8) NOT NULL,
  `CANT_RESERVADA` decimal(28,8) NOT NULL,
  `CANT_REMITIDA` decimal(28,8) NOT NULL,
  `CANT_CUARENTENA` decimal(28,8) NOT NULL,
  `CANT_VENCIDA` decimal(28,8) NOT NULL,
  `ACTIVO` varchar(1) NOT NULL,
  `CREADO_POR` varchar(20) NOT NULL,
  `CREADO_EL` datetime NOT NULL,
  `ACTUALIZADO_POR` varchar(20) NOT NULL,
  `ACTUALIZADO_EL` datetime NOT NULL,
  PRIMARY KEY (`ID`),
  KEY `FK_ARTICULO_BODEGA` (`ARTICULO`),
  KEY `FK_BODEGA_ARTICULO` (`BODEGA`),
  CONSTRAINT `FK_ARTICULO_BODEGA` FOREIGN KEY (`ARTICULO`) REFERENCES `articulo` (`ARTICULO`),
  CONSTRAINT `FK_BODEGA_ARTICULO` FOREIGN KEY (`BODEGA`) REFERENCES `bodega` (`ID`)
) ENGINE=InnoDB AUTO_INCREMENT=5 DEFAULT CHARSET=latin1 COMMENT='Tabla donde se relaciona un articulo con una bodega donde se';


DROP TABLE IF EXISTS `factura`;
CREATE TABLE `factura` (
  `FACTURA` varchar(50) NOT NULL,
  `CONSECUTIVO` varchar(10) NOT NULL,
  `CLIENTE` varchar(20) NOT NULL,
  `BODEGA` varchar(4) DEFAULT NULL,
  `CONDICION_PAGO` varchar(4) DEFAULT NULL COMMENT 'identificación alfanumérica de la condicion de pago',
  `NIVEL_PRECIO` varchar(12) DEFAULT NULL COMMENT 'identificación alfanumérica del nivel de precio.',
  `PEDIDO` varchar(50) DEFAULT NULL,
  `FECHA_FACTURA` date NOT NULL,
  `FECHA_DESPACHO` date DEFAULT NULL,
  `FECHA_ENTREGA` date DEFAULT NULL,
  `ORDEN_COMPRA` varchar(30) DEFAULT NULL,
  `FECHA_ORDEN` date DEFAULT NULL,
  `RUBRO1` varchar(50) DEFAULT NULL,
  `RUBRO2` varchar(50) DEFAULT NULL,
  `RUBRO3` varchar(50) DEFAULT NULL,
  `RUBRO4` varchar(50) DEFAULT NULL,
  `RUBRO5` varchar(50) DEFAULT NULL,
  `COMENTARIOS_CXC` varchar(50) DEFAULT NULL,
  `OBSERVACIONES` text,
  `TOTAL_MERCADERIA` decimal(28,8) NOT NULL,
  `MONTO_ANTICIPO` decimal(28,8) NOT NULL,
  `MONTO_FLETE` decimal(28,8) NOT NULL,
  `MONTO_SEGURO` decimal(28,8) NOT NULL,
  `MONTO_DESCUENTO1` decimal(28,8) NOT NULL,
  `TOTAL_IMPUESTO1` decimal(28,8) NOT NULL,
  `TOTAL_A_FACTURAR` decimal(28,8) NOT NULL,
  `REMITIDO` varchar(1) NOT NULL COMMENT 'Indica si el pedido ha sido o no enviado ya al cliente.  Por defecto cuando se crea queda en N',
  `RESERVADO` varchar(1) NOT NULL COMMENT 'Indica si las lineas del pedido han sido reservadas, inicialmente debe estar en N',
  `ESTADO` varchar(1) NOT NULL COMMENT '[N]ormal            [R]emitido            [F]acturado            [C]ancelado',
  `CREADO_POR` varchar(20) NOT NULL,
  `CREADO_EL` datetime NOT NULL,
  `ACTUALIZADO_POR` varchar(20) NOT NULL,
  `ACTUALIZADO_EL` datetime NOT NULL,
  PRIMARY KEY (`FACTURA`),
  KEY `FK_BODEGA_FACTURA` (`BODEGA`),
  KEY `FK_CLIENTE_FACTURA` (`CLIENTE`),
  KEY `FK_CONDICION_PAGO_FACTURA` (`CONDICION_PAGO`),
  KEY `FK_NIVEL_PRECIO_FACTURA` (`NIVEL_PRECIO`),
  KEY `FK_PEDIDO_FACTURA` (`PEDIDO`),
  KEY `CONSECUTIVO` (`CONSECUTIVO`),
  CONSTRAINT `factura_ibfk_1` FOREIGN KEY (`CONSECUTIVO`) REFERENCES `consecutivo_fa` (`CODIGO_CONSECUTIVO`),
  CONSTRAINT `FK_BODEGA_FACTURA` FOREIGN KEY (`BODEGA`) REFERENCES `bodega` (`ID`),
  CONSTRAINT `FK_CLIENTE_FACTURA` FOREIGN KEY (`CLIENTE`) REFERENCES `cliente` (`CLIENTE`),
  CONSTRAINT `FK_CONDICION_PAGO_FACTURA` FOREIGN KEY (`CONDICION_PAGO`) REFERENCES `codicion_pago` (`ID`),
  CONSTRAINT `FK_NIVEL_PRECIO_FACTURA` FOREIGN KEY (`NIVEL_PRECIO`) REFERENCES `nivel_precio` (`ID`),
  CONSTRAINT `FK_PEDIDO_FACTURA` FOREIGN KEY (`PEDIDO`) REFERENCES `pedido` (`PEDIDO`)
) ENGINE=InnoDB DEFAULT CHARSET=latin1 COMMENT='Tabla que almacena las facturas o remisiones.';


DROP TABLE IF EXISTS `factura_linea`;
CREATE TABLE `factura_linea` (
  `ID` int(11) NOT NULL AUTO_INCREMENT,
  `FACTURA` varchar(50) DEFAULT NULL,
  `ARTICULO` varchar(20) NOT NULL,
  `LINEA` smallint(6) NOT NULL,
  `UNIDAD` int(11) NOT NULL,
  `CANTIDAD` decimal(28,8) NOT NULL,
  `PRECIO_UNITARIO` decimal(28,8) NOT NULL,
  `PORC_DESCUENTO` decimal(28,8) NOT NULL,
  `MONTO_DESCUENTO` decimal(28,8) NOT NULL,
  `PORC_IMPUESTO` decimal(28,8) NOT NULL,
  `VALOR_IMPUESTO` decimal(28,8) NOT NULL,
  `TIPO_PRECIO` int(11) NOT NULL,
  `COMENTARIO` text,
  `TOTAL` decimal(28,8) DEFAULT NULL,
  `ESTADO` varchar(1) NOT NULL COMMENT 'Los mismos estados del pedido',
  `ACTIVO` varchar(1) NOT NULL,
  `CREADO_POR` varchar(20) NOT NULL,
  `CREADO_EL` datetime NOT NULL,
  `ACTUALIZADO_POR` varchar(20) NOT NULL,
  `ACTUALIZADO_EL` datetime NOT NULL,
  PRIMARY KEY (`ID`),
  KEY `FK_REFERENCE_137` (`FACTURA`),
  KEY `ARTICULO` (`ARTICULO`),
  KEY `UNIDAD` (`UNIDAD`),
  KEY `TIPO_PRECIO` (`TIPO_PRECIO`),
  CONSTRAINT `factura_linea_ibfk_1` FOREIGN KEY (`ARTICULO`) REFERENCES `articulo` (`ARTICULO`),
  CONSTRAINT `factura_linea_ibfk_2` FOREIGN KEY (`UNIDAD`) REFERENCES `unidad_medida` (`ID`),
  CONSTRAINT `factura_linea_ibfk_3` FOREIGN KEY (`TIPO_PRECIO`) REFERENCES `articulo_precio` (`ID`),
  CONSTRAINT `FK_REFERENCE_137` FOREIGN KEY (`FACTURA`) REFERENCES `factura` (`FACTURA`)
) ENGINE=InnoDB DEFAULT CHARSET=latin1 COMMENT='Almacena las lineas de la factura';


DROP TABLE IF EXISTS `formato_impresion`;
CREATE TABLE `formato_impresion` (
  `ID` int(11) NOT NULL AUTO_INCREMENT,
  `NOMBRE` varchar(64) NOT NULL,
  `OBSERVACION` text,
  `MODULO` varchar(4) NOT NULL COMMENT 'Modulo al cual pertenece este formato de impresiòn por ejemplo            Compras COMP            Control de Inventarios COIN',
  `SUBMODULO` varchar(4) NOT NULL COMMENT 'Submodulo para el cual aplica este formato de impresión, por ejemplo el modulo de compras tiene            Solicitudes SOLI            Ordenes de Compra ORCO            etc.',
  `PLANTILLA` int(11) NOT NULL,
  `TIPO` varchar(4) NOT NULL COMMENT 'Tipo de archivo en que se genera el formato            xls            pdf            doc            etc',
  `ACTIVO` varchar(1) NOT NULL,
  `CREADO_POR` varchar(20) NOT NULL,
  `CREADO_EL` datetime NOT NULL,
  `ACTUALIZADO_POR` varchar(20) NOT NULL,
  `ACTUALIZADO_EL` datetime NOT NULL,
  PRIMARY KEY (`ID`),
  KEY `MODULO` (`MODULO`),
  KEY `SUBMODULO` (`SUBMODULO`),
  KEY `PLANTILLA` (`PLANTILLA`),
  CONSTRAINT `formato_impresion_ibfk_1` FOREIGN KEY (`MODULO`) REFERENCES `modulo` (`ID`),
  CONSTRAINT `formato_impresion_ibfk_2` FOREIGN KEY (`SUBMODULO`) REFERENCES `submodulo` (`ID`),
  CONSTRAINT `formato_impresion_ibfk_3` FOREIGN KEY (`PLANTILLA`) REFERENCES `plantilla` (`ID`)
) ENGINE=InnoDB AUTO_INCREMENT=15 DEFAULT CHARSET=latin1 COMMENT='Tabla que almacena los diferentes formatos de impresion que ';

INSERT INTO `formato_impresion` (`ID`, `NOMBRE`, `OBSERVACION`, `MODULO`, `SUBMODULO`, `PLANTILLA`, `TIPO`, `ACTIVO`, `CREADO_POR`, `CREADO_EL`, `ACTUALIZADO_POR`, `ACTUALIZADO_EL`) VALUES
(1, 'Carta',  '', 'FACT', 'PEDI', 5,  'PDF',  'S',  '', '0000-00-00 00:00:00',  '', '0000-00-00 00:00:00'),
(5, 'Prueba', 'asd',  'COMP', 'SOCO', 2,  'PDF',  'S',  'admin',  '2012-12-05 14:37:21',  'admin',  '2012-12-05 14:37:21'),
(8, 'Formato',  '', 'INVE', 'DOIN', 3,  'PDF',  'S',  'admin',  '2012-12-05 14:37:31',  'admin',  '2012-12-05 14:37:31'),
(11,  'Prueba', '', 'COMP', 'INCO', 1,  'PDF',  'S',  'admin',  '2012-12-05 14:37:46',  'admin',  '2012-12-05 14:37:46'),
(12,  'Carta',  '', 'COMP', 'ORCO', 4,  'PDF',  'S',  '', '0000-00-00 00:00:00',  '', '0000-00-00 00:00:00'),
(13,  'Pruebas',  '', 'COMP', 'INCO', 1,  'PDF',  'N',  '', '0000-00-00 00:00:00',  '', '0000-00-00 00:00:00'),
(14,  'Media Carta',  '', 'FACT', 'FAAS', 6,  'PDF',  'S',  '', '0000-00-00 00:00:00',  '', '0000-00-00 00:00:00');

DROP TABLE IF EXISTS `horario`;
CREATE TABLE `horario` (
  `HORARIO` varchar(4) NOT NULL,
  `DESCRIPCION` varchar(64) NOT NULL,
  `TOLERA_ENTRADA` smallint(6) NOT NULL,
  `TOLERA_SALIDA` smallint(6) NOT NULL,
  `REDONDEO_ENTRADA` smallint(6) NOT NULL,
  `REDONDEO_SALIDA` smallint(6) NOT NULL,
  `ACTIVO` varchar(1) NOT NULL,
  `CREADO_POR` varchar(20) NOT NULL,
  `CREADO_EL` datetime NOT NULL,
  `ACTUALIZADO_POR` varchar(20) NOT NULL,
  `ACTUALIZADO_EL` datetime NOT NULL,
  PRIMARY KEY (`HORARIO`)
) ENGINE=InnoDB DEFAULT CHARSET=latin1 COMMENT='Almacena la información de los horarios de la empresa';


DROP TABLE IF EXISTS `horario_concepto`;
CREATE TABLE `horario_concepto` (
  `ID` int(11) NOT NULL AUTO_INCREMENT,
  `HORARIO` varchar(4) DEFAULT NULL,
  `DIA` smallint(6) DEFAULT NULL,
  `HORA_INICIO` datetime NOT NULL,
  `HORA_FIN` datetime NOT NULL,
  `OBSERVACION` varchar(64) DEFAULT NULL,
  `ACTIVO` varchar(1) NOT NULL,
  `CREADO_POR` varchar(20) NOT NULL,
  `CREADO_EL` datetime NOT NULL,
  `ACTUALIZADO_POR` varchar(20) NOT NULL,
  `ACTUALIZADO_EL` datetime DEFAULT NULL,
  PRIMARY KEY (`ID`),
  KEY `FK_DETALLE_HORARIO_PERTENECE_A_HORARIO` (`HORARIO`),
  KEY `FK_DIA_DEL_DETALLE_HORARIO` (`DIA`),
  CONSTRAINT `FK_DETALLE_HORARIO_PERTENECE_A_HORARIO` FOREIGN KEY (`HORARIO`) REFERENCES `horario` (`HORARIO`),
  CONSTRAINT `FK_DIA_DEL_DETALLE_HORARIO` FOREIGN KEY (`DIA`) REFERENCES `dia` (`DIA`)
) ENGINE=InnoDB DEFAULT CHARSET=latin1 COMMENT='Almacena el detalle de los horarios de la empresa';


DROP TABLE IF EXISTS `impuesto`;
CREATE TABLE `impuesto` (
  `ID` varchar(4) NOT NULL,
  `NOMBRE` varchar(64) NOT NULL COMMENT 'nombre del tipo de impuesto o tipo de iva',
  `PROCENTAJE` decimal(28,8) NOT NULL,
  `ACTIVO` varchar(1) NOT NULL,
  `CREADO_POR` varchar(20) NOT NULL,
  `CREADO_EL` datetime NOT NULL,
  `ACTUALIZADO_POR` varchar(20) NOT NULL,
  `ACTUALIZADO_EL` datetime DEFAULT NULL,
  PRIMARY KEY (`ID`)
) ENGINE=InnoDB DEFAULT CHARSET=latin1 COMMENT='Permite definir los diferentes porcentajes para el impuesto ';

INSERT INTO `impuesto` (`ID`, `NOMBRE`, `PROCENTAJE`, `ACTIVO`, `CREADO_POR`, `CREADO_EL`, `ACTUALIZADO_POR`, `ACTUALIZADO_EL`) VALUES
('EXC', 'EXCLUIDO', 0.00000000, 'S',  'admin',  '2012-11-13 00:00:00',  'admin',  '2012-11-13 00:00:00'),
('I1.6',  'IVA1,6%',  1.60000000, 'N',  'admin',  '2012-11-13 00:00:00',  'admin',  '2012-11-13 00:00:00'),
('IV10',  'IVA10%', 10.00000000,  'N',  'admin',  '2012-11-13 00:00:00',  'admin',  '2012-11-13 00:00:00'),
('IV14',  'IVA14%', 14.00000000,  'N',  'admin',  '2012-11-13 00:00:00',  'admin',  '2012-11-13 00:00:00'),
('IV16',  'IVA16%', 16.00000000,  'S',  'admin',  '2012-11-13 00:00:00',  'admin',  '2012-11-13 00:00:00'),
('IV20',  'IVA20%', 20.00000000,  'N',  'admin',  '2012-11-13 00:00:00',  'admin',  '2012-11-13 00:00:00'),
('IV25',  'IVA25%', 25.00000000,  'N',  'admin',  '2012-11-13 00:00:00',  'admin',  '2012-11-13 00:00:00'),
('IV35',  'IVA35%', 35.00000000,  'N',  'admin',  '2012-11-13 00:00:00',  'admin',  '2012-11-13 00:00:00'),
('IVA0',  'IVA0%',  0.00000000, 'S',  'admin',  '2012-11-13 00:00:00',  'admin',  '2012-11-13 00:00:00'),
('IVA5',  'IVA5%',  5.00000000, 'S',  'admin',  '2013-01-30 10:00:00',  '', NULL),
('N/A', 'N/A',  0.00000000, 'S',  'admin',  '2012-11-13 00:00:00',  'admin',  '2012-11-13 00:00:00'),
('NING',  'NInguno',  0.00000000, 'S',  'admin',  '2012-07-10 16:27:05',  'admin',  '2012-07-10 16:27:05');

DROP TABLE IF EXISTS `ingreso_compra`;
CREATE TABLE `ingreso_compra` (
  `INGRESO_COMPRA` varchar(10) NOT NULL,
  `PROVEEDOR` varchar(20) NOT NULL,
  `FECHA_INGRESO` date NOT NULL COMMENT 'Fecha en que ingresan los articulos a la compañia',
  `TIENE_FACTURA` varchar(1) NOT NULL COMMENT 'Ingreso de Compra tiene factura [S] o [N]',
  `RUBRO1` varchar(50) DEFAULT NULL,
  `RUBRO2` varchar(50) DEFAULT NULL,
  `RUBRO3` varchar(50) DEFAULT NULL,
  `RUBRO4` varchar(50) DEFAULT NULL,
  `RUBRO5` varchar(50) DEFAULT NULL,
  `NOTAS` text,
  `ESTADO` varchar(1) NOT NULL COMMENT '[P]endiente\n            [A]plicado\n            [C]ancelado',
  `APLICADO_POR` varchar(20) DEFAULT NULL,
  `APLICADO_EL` datetime DEFAULT NULL,
  `CANCELADO_POR` varchar(20) DEFAULT NULL,
  `CANCELADO_EL` datetime DEFAULT NULL,
  `CREADO_POR` varchar(20) NOT NULL,
  `CREADO_EL` datetime NOT NULL,
  `MODIFICADO_POR` varchar(20) NOT NULL,
  `MODIFICADO_EL` datetime NOT NULL,
  PRIMARY KEY (`INGRESO_COMPRA`),
  KEY `FK_INGRESO_COMPRA_PROVEEDOR` (`PROVEEDOR`),
  CONSTRAINT `FK_INGRESO_COMPRA_PROVEEDOR` FOREIGN KEY (`PROVEEDOR`) REFERENCES `proveedor` (`PROVEEDOR`)
) ENGINE=InnoDB DEFAULT CHARSET=latin1 COMMENT='Documentos de ingreso de compra a partir de ordenes de compr';


DROP TABLE IF EXISTS `ingreso_compra_linea`;
CREATE TABLE `ingreso_compra_linea` (
  `INGRESO_COMPRA_LINEA` int(11) NOT NULL AUTO_INCREMENT,
  `INGRESO_COMPRA` varchar(10) NOT NULL,
  `LINEA_NUM` smallint(6) NOT NULL,
  `ORDEN_COMPRA_LINEA` int(11) DEFAULT NULL,
  `ARTICULO` varchar(20) NOT NULL,
  `BODEGA` varchar(4) NOT NULL,
  `CANTIDAD_ORDENADA` decimal(28,8) NOT NULL,
  `UNIDAD_ORDENADA` int(11) NOT NULL,
  `CANTIDAD_ACEPTADA` decimal(28,8) NOT NULL,
  `CANTIDAD_RECHAZADA` decimal(28,8) NOT NULL,
  `PRECIO_UNITARIO` decimal(28,8) NOT NULL,
  `COSTO_FISCAL_UNITARIO` decimal(28,8) NOT NULL,
  `ACTIVO` varchar(1) NOT NULL,
  `CREADO_POR` varchar(20) NOT NULL,
  `CREADO_EL` datetime NOT NULL,
  `ACTUALIZADO_POR` varchar(20) NOT NULL,
  `ACTUALIZADO_EL` datetime NOT NULL,
  PRIMARY KEY (`INGRESO_COMPRA_LINEA`),
  KEY `FK_ARTICULO_INGRESO_COMPRA` (`ARTICULO`),
  KEY `FK_BODEGA_INGRESO_COMPRA` (`BODEGA`),
  KEY `FK_LINEA_PERTENECE_INGRESO_COMPRA` (`INGRESO_COMPRA`),
  KEY `FK_SATISFACE_LINEA_OC` (`ORDEN_COMPRA_LINEA`),
  KEY `FK_UNIDAD_INGRESO_COMPRA` (`UNIDAD_ORDENADA`),
  CONSTRAINT `FK_ARTICULO_INGRESO_COMPRA` FOREIGN KEY (`ARTICULO`) REFERENCES `articulo` (`ARTICULO`),
  CONSTRAINT `FK_BODEGA_INGRESO_COMPRA` FOREIGN KEY (`BODEGA`) REFERENCES `bodega` (`ID`),
  CONSTRAINT `FK_LINEA_PERTENECE_INGRESO_COMPRA` FOREIGN KEY (`INGRESO_COMPRA`) REFERENCES `ingreso_compra` (`INGRESO_COMPRA`),
  CONSTRAINT `FK_SATISFACE_LINEA_OC` FOREIGN KEY (`ORDEN_COMPRA_LINEA`) REFERENCES `orden_compra_linea` (`ORDEN_COMPRA_LINEA`),
  CONSTRAINT `FK_UNIDAD_INGRESO_COMPRA` FOREIGN KEY (`UNIDAD_ORDENADA`) REFERENCES `unidad_medida` (`ID`)
) ENGINE=InnoDB AUTO_INCREMENT=65 DEFAULT CHARSET=latin1 COMMENT='Lineas del ingreso de la compra';


DROP TABLE IF EXISTS `mensaje_sistema`;
CREATE TABLE `mensaje_sistema` (
  `CODIGO` varchar(4) NOT NULL,
  `TIPO` varchar(10) NOT NULL,
  `MENSAJE` text NOT NULL,
  `ACTIVO` varchar(1) NOT NULL,
  `CREADO_POR` varchar(20) NOT NULL,
  `CREADO_EL` datetime NOT NULL,
  `ACTUALIZADO_POR` varchar(20) NOT NULL,
  `ACTUALIZADO_EL` datetime NOT NULL,
  PRIMARY KEY (`CODIGO`)
) ENGINE=InnoDB DEFAULT CHARSET=latin1 COMMENT='Tabla que almacena los mensajes del sistema';

INSERT INTO `mensaje_sistema` (`CODIGO`, `TIPO`, `MENSAJE`, `ACTIVO`, `CREADO_POR`, `CREADO_EL`, `ACTUALIZADO_POR`, `ACTUALIZADO_EL`) VALUES
('A001',  'warning',  'Advertencias en la Operación\r\n', 'S',  'admin',  '2012-08-21 00:00:00',  'admin',  '2012-08-21 00:00:00'),
('E001',  'error',  'Error al intentar realizar la operación, verifique nuevamente',  'S',  'admin',  '2012-08-21 00:00:00',  'admin',  '2012-08-21 00:00:00'),
('E002',  'error',  'Error al intentar actualizar, verifique nuevamente', 'S',  'admin',  '2012-12-18 00:00:00',  'admin',  '2012-12-18 00:00:00'),
('E003',  'error',  'Error al intentar crear, verifique nuevamente',  'S',  'admin',  '2012-12-19 00:00:00',  'admin',  '2012-12-19 00:00:00'),
('E004',  'error',  'Error al intentar borrar, verifique nuevamente', 'S',  'admin',  '2012-12-19 00:00:00',  'admin',  '2012-12-19 00:00:00'),
('S001',  'success',  'Se realizo la operación con éxito',  'S',  'admin',  '2012-08-21 00:00:00',  'admin',  '2012-08-21 00:00:00'),
('S002',  'success',  'Se actualizo con éxito', 'S',  'admin',  '2012-12-18 00:00:00',  'admin',  '2012-12-18 00:00:00'),
('S003',  'success',  'Se creo con éxito',  'S',  'admin',  '2012-12-19 00:00:00',  'admin',  '2012-12-19 00:00:00'),
('S004',  'success',  'Se borro con éxito', 'S',  'admin',  '2012-12-19 00:00:00',  'admin',  '2012-12-19 00:00:00');

DROP TABLE IF EXISTS `metodo_valuacion_inv`;
CREATE TABLE `metodo_valuacion_inv` (
  `ID` varchar(10) NOT NULL,
  `DESCRIPCION` varchar(64) NOT NULL,
  `ACTIVO` varchar(1) NOT NULL,
  `CREADO_POR` varchar(20) NOT NULL,
  `CREADO_EL` datetime NOT NULL,
  `ACTUALIZADO_POR` varchar(20) NOT NULL,
  `ACTUALIZADO_EL` datetime NOT NULL,
  PRIMARY KEY (`ID`)
) ENGINE=InnoDB DEFAULT CHARSET=latin1 COMMENT='Tabla que almacena los metodos de valuación de inventario (e';


DROP TABLE IF EXISTS `modulo`;
CREATE TABLE `modulo` (
  `ID` varchar(4) NOT NULL,
  `NOMBRE` varchar(45) DEFAULT NULL,
  `ACTIVO` varchar(1) DEFAULT NULL,
  `CREADO_POR` varchar(20) DEFAULT NULL,
  `CREADO_EL` datetime DEFAULT NULL,
  `ACTUALIZADO_POR` varchar(20) DEFAULT NULL,
  `ACTUALIZADO_EL` datetime DEFAULT NULL,
  PRIMARY KEY (`ID`)
) ENGINE=InnoDB DEFAULT CHARSET=latin1;

INSERT INTO `modulo` (`ID`, `NOMBRE`, `ACTIVO`, `CREADO_POR`, `CREADO_EL`, `ACTUALIZADO_POR`, `ACTUALIZADO_EL`) VALUES
('ADSI',  'Administracion del Sistema', 'S',  NULL, NULL, NULL, NULL),
('COMP',  'Compras',  'S',  NULL, NULL, NULL, NULL),
('FACT',  'Facturación',  'S',  NULL, NULL, NULL, NULL),
('INVE',  'Inventario', 'S',  NULL, NULL, NULL, NULL),
('REHU',  'Recursos Humanos', 'N',  NULL, NULL, NULL, NULL);

DROP TABLE IF EXISTS `nit`;
CREATE TABLE `nit` (
  `ID` varchar(12) NOT NULL COMMENT 'identificación alfanumérica del departamento, la casilla tiene campo para 10 dígitos.',
  `TIIPO_DOCUMENTO` varchar(10) NOT NULL,
  `RAZON_SOCIAL` varchar(128) NOT NULL COMMENT 'nombre del departamento, la casilla tiene campo para 40 dígitos.',
  `ALIAS` varchar(128) DEFAULT NULL,
  `OBSERVACIONES` text,
  `ACTIVO` varchar(1) NOT NULL,
  `CREADO_POR` varchar(20) NOT NULL,
  `CREADO_EL` datetime NOT NULL,
  `ACTUALIZADO_POR` varchar(20) NOT NULL,
  `ACTUALIZADO_EL` datetime NOT NULL,
  PRIMARY KEY (`ID`),
  KEY `FK_TIPO_DOCUMENTO_NIT` (`TIIPO_DOCUMENTO`),
  CONSTRAINT `FK_TIPO_DOCUMENTO_NIT` FOREIGN KEY (`TIIPO_DOCUMENTO`) REFERENCES `tipo_documento` (`ID`)
) ENGINE=InnoDB DEFAULT CHARSET=latin1 COMMENT='La tabla de datos denominada NIT’s sirve para registrar los ';


DROP TABLE IF EXISTS `nivel_precio`;
CREATE TABLE `nivel_precio` (
  `ID` varchar(12) NOT NULL COMMENT 'identificación alfanumérica del nivel de precio.',
  `DESCRIPCION` varchar(64) NOT NULL COMMENT 'nombre del nivel de precio',
  `ESQUEMA_TRABAJO` varchar(4) NOT NULL COMMENT 'se refiere al procedimiento que se utilizará para calcular los precios de los artículos.                        Al posicionarse en la casilla de esquema de trabajo, también aparece un icono con una flecha hacia abajo. Las opciones que se pueden escoger ',
  `ACTIVO` varchar(1) NOT NULL,
  `CREADO_POR` varchar(20) NOT NULL,
  `CREADO_EL` datetime NOT NULL,
  `ACTUALIZADO_POR` varchar(20) NOT NULL,
  `ACTUALIZADO_EL` datetime NOT NULL,
  PRIMARY KEY (`ID`)
) ENGINE=InnoDB DEFAULT CHARSET=latin1 COMMENT='Almacena los posibles tipos precios de los artículos de la c';


DROP TABLE IF EXISTS `orden_compra`;
CREATE TABLE `orden_compra` (
  `ORDEN_COMPRA` varchar(10) NOT NULL,
  `PROVEEDOR` varchar(20) NOT NULL,
  `FECHA` date NOT NULL COMMENT 'Fecha de creacion de la orden de compra',
  `BODEGA` varchar(4) NOT NULL COMMENT 'Bodega a donde se ingresaran los articulos de la orden de compra',
  `DEPARTAMENTO` varchar(10) DEFAULT NULL,
  `FECHA_COTIZACION` date DEFAULT NULL,
  `FECHA_OFRECIDA` date DEFAULT NULL,
  `FECHA_REQUERIDA` date DEFAULT NULL,
  `FECHA_REQ_EMBARQUE` date DEFAULT NULL,
  `PRIORIDAD` varchar(1) NOT NULL COMMENT '[A]lta,             [M]edia            [B]aja',
  `CONDICION_PAGO` varchar(4) NOT NULL,
  `DIRECCION_EMBARQUE` varchar(250) DEFAULT NULL,
  `DIRECCION_COBRO` varchar(250) DEFAULT NULL,
  `RUBRO1` varchar(50) DEFAULT NULL,
  `RUBRO2` varchar(50) DEFAULT NULL,
  `RUBRO3` varchar(50) DEFAULT NULL,
  `RUBRO4` varchar(50) DEFAULT NULL,
  `RUBRO5` varchar(50) DEFAULT NULL,
  `COMENTARIO_CXP` varchar(250) DEFAULT NULL,
  `INSTRUCCIONES` varchar(250) DEFAULT NULL,
  `OBSERVACIONES` text,
  `PORC_DESCUENTO` decimal(28,8) NOT NULL,
  `MONTO_FLETE` decimal(28,8) NOT NULL,
  `MONTO_SEGURO` decimal(28,8) NOT NULL,
  `MONTO_ANTICIPO` decimal(28,8) NOT NULL,
  `TIPO_PRORRATEO_OC` varchar(3) DEFAULT NULL COMMENT '[CAN]tidad            [PRE]cio            [PRO]medio',
  `TOTAL_A_COMPRAR` decimal(28,8) NOT NULL COMMENT 'Total de la orden de compra',
  `USUARIO_CANCELA` varchar(20) DEFAULT NULL,
  `FECHA_CANCELA` datetime DEFAULT NULL,
  `ESTADO` varchar(1) NOT NULL COMMENT '[P]laneada            [B]ackorder            [R]ecibida            [C]ancelada',
  `CREADO_POR` varchar(20) NOT NULL,
  `CREADO_EL` datetime NOT NULL,
  `ACTUALIZADO_POR` varchar(20) NOT NULL,
  `ACTUALIZADO_EL` datetime NOT NULL,
  `USUARIO_CIERRA` varchar(20) DEFAULT NULL,
  `FECHA_CIERRA` datetime DEFAULT NULL,
  `AUTORIZADA_POR` varchar(20) DEFAULT NULL,
  `FECHA_AUTORIZADA` datetime DEFAULT NULL,
  PRIMARY KEY (`ORDEN_COMPRA`),
  KEY `FK_BODEGA_ORDEN_COMPRA` (`BODEGA`),
  KEY `FK_CONDICION_PAGO_OC` (`CONDICION_PAGO`),
  KEY `FK_DEPARTAMENTO_ORDEN_COMPRA` (`DEPARTAMENTO`),
  KEY `FK_PROVEEDOR_ORDEN_COMPRA` (`PROVEEDOR`),
  CONSTRAINT `FK_BODEGA_ORDEN_COMPRA` FOREIGN KEY (`BODEGA`) REFERENCES `bodega` (`ID`),
  CONSTRAINT `FK_CONDICION_PAGO_OC` FOREIGN KEY (`CONDICION_PAGO`) REFERENCES `codicion_pago` (`ID`),
  CONSTRAINT `FK_DEPARTAMENTO_ORDEN_COMPRA` FOREIGN KEY (`DEPARTAMENTO`) REFERENCES `departamento` (`ID`),
  CONSTRAINT `FK_PROVEEDOR_ORDEN_COMPRA` FOREIGN KEY (`PROVEEDOR`) REFERENCES `proveedor` (`PROVEEDOR`)
) ENGINE=InnoDB DEFAULT CHARSET=latin1 COMMENT='Tabla que almacena las ordenes de compra';


DROP TABLE IF EXISTS `orden_compra_linea`;
CREATE TABLE `orden_compra_linea` (
  `ORDEN_COMPRA_LINEA` int(11) NOT NULL AUTO_INCREMENT,
  `ORDEN_COMPRA` varchar(10) NOT NULL,
  `LINEA_NUM` smallint(6) NOT NULL,
  `ARTICULO` varchar(20) NOT NULL,
  `DESCRIPCION` varchar(128) DEFAULT NULL,
  `BODEGA` varchar(4) NOT NULL,
  `FECHA_REQUERIDA` date DEFAULT NULL,
  `FACTURA` varchar(20) DEFAULT NULL,
  `CANTIDAD_ORDENADA` decimal(28,8) NOT NULL,
  `UNIDAD_COMPRA` int(11) NOT NULL,
  `PRECIO_UNITARIO` decimal(28,8) NOT NULL,
  `PORC_DESCUENTO` decimal(28,8) NOT NULL,
  `MONTO_DESCUENTO` decimal(28,8) NOT NULL,
  `PORC_IMPUESTO` decimal(28,8) NOT NULL,
  `VALOR_IMPUESTO` decimal(28,8) NOT NULL,
  `CANTIDAD_RECIBIDA` decimal(28,8) NOT NULL,
  `CANTIDAD_RECHAZADA` decimal(28,8) NOT NULL,
  `FECHA` date NOT NULL COMMENT 'Fecha de creación de la orden de compra',
  `OBSERVACION` text,
  `IMPORTE` decimal(28,8) DEFAULT NULL,
  `ESTADO` varchar(1) NOT NULL COMMENT '[P]laneada            [B]ackorder            [R]ecibida            [C]ancelada',
  `CREADO_POR` varchar(20) NOT NULL,
  `CREADO_EL` datetime NOT NULL,
  `ACTUALIZADO_POR` varchar(20) NOT NULL,
  `ACTUALIZADO_EL` datetime NOT NULL,
  PRIMARY KEY (`ORDEN_COMPRA_LINEA`),
  KEY `FK_ARTICULO_LINEA_COMPRA` (`ARTICULO`),
  KEY `FK_BODEGA_LINEA_ORDEN_COMPRA` (`BODEGA`),
  KEY `FK_LINEA_PERTENECE_A_ORDEN_COMPRA` (`ORDEN_COMPRA`),
  KEY `FK_UNIDAD_COMPRA_LINEA` (`UNIDAD_COMPRA`),
  CONSTRAINT `FK_ARTICULO_LINEA_COMPRA` FOREIGN KEY (`ARTICULO`) REFERENCES `articulo` (`ARTICULO`),
  CONSTRAINT `FK_BODEGA_LINEA_ORDEN_COMPRA` FOREIGN KEY (`BODEGA`) REFERENCES `bodega` (`ID`),
  CONSTRAINT `FK_LINEA_PERTENECE_A_ORDEN_COMPRA` FOREIGN KEY (`ORDEN_COMPRA`) REFERENCES `orden_compra` (`ORDEN_COMPRA`),
  CONSTRAINT `FK_UNIDAD_COMPRA_LINEA` FOREIGN KEY (`UNIDAD_COMPRA`) REFERENCES `unidad_medida` (`ID`)
) ENGINE=InnoDB AUTO_INCREMENT=45 DEFAULT CHARSET=latin1 COMMENT='Lineas de la orden de compra';


DROP TABLE IF EXISTS `pais`;
CREATE TABLE `pais` (
  `ID` varchar(4) NOT NULL,
  `NOMBRE` varchar(64) NOT NULL,
  `CODIGO_ISO` varchar(4) DEFAULT NULL,
  `ACTIVO` varchar(1) DEFAULT NULL,
  `CREADO_POR` varchar(20) NOT NULL,
  `CREADO_EL` datetime NOT NULL,
  `ACTUALIZADO_POR` varchar(20) NOT NULL,
  `ACTUALIZADIO_EL` datetime NOT NULL,
  PRIMARY KEY (`ID`)
) ENGINE=InnoDB DEFAULT CHARSET=latin1;

INSERT INTO `pais` (`ID`, `NOMBRE`, `CODIGO_ISO`, `ACTIVO`, `CREADO_POR`, `CREADO_EL`, `ACTUALIZADO_POR`, `ACTUALIZADIO_EL`) VALUES
('ARG', 'Argentina',  '0001', 'S',  'admin',  '2012-11-01 17:10:51',  'admin',  '2012-11-01 17:10:51'),
('COL', 'Colombia', '123',  'S',  'admin',  '2012-05-11 09:11:40',  'admin',  '2012-05-11 09:13:24');

DROP TABLE IF EXISTS `pedido`;
CREATE TABLE `pedido` (
  `PEDIDO` varchar(50) NOT NULL,
  `CONSECUTIVO` varchar(10) NOT NULL,
  `CLIENTE` varchar(20) NOT NULL,
  `BODEGA` varchar(4) DEFAULT NULL,
  `CONDICION_PAGO` varchar(4) DEFAULT NULL COMMENT 'identificación alfanumérica de la condicion de pago',
  `NIVEL_PRECIO` varchar(12) DEFAULT NULL COMMENT 'identificación alfanumérica del nivel de precio.',
  `FECHA_PEDIDO` date NOT NULL,
  `FECHA_PROMETIDA` date DEFAULT NULL,
  `FECHA_EMBARQUE` date DEFAULT NULL,
  `ORDEN_COMPRA` varchar(30) DEFAULT NULL,
  `FECHA_ORDEN` date DEFAULT NULL,
  `RUBRO1` varchar(50) DEFAULT NULL,
  `RUBRO2` varchar(50) DEFAULT NULL,
  `RUBRO3` varchar(50) DEFAULT NULL,
  `RUBRO4` varchar(50) DEFAULT NULL,
  `RUBRO5` varchar(50) DEFAULT NULL,
  `COMENTARIOS_CXC` varchar(50) DEFAULT NULL,
  `OBSERVACIONES` text,
  `TOTAL_MERCADERIA` decimal(28,8) NOT NULL,
  `MONTO_ANTICIPO` decimal(28,8) NOT NULL,
  `MONTO_FLETE` decimal(28,8) NOT NULL,
  `MONTO_SEGURO` decimal(28,8) NOT NULL,
  `MONTO_DESCUENTO1` decimal(28,8) NOT NULL,
  `TOTAL_IMPUESTO1` decimal(28,8) NOT NULL,
  `TOTAL_A_FACTURAR` decimal(28,8) NOT NULL,
  `REMITIDO` varchar(1) NOT NULL COMMENT 'Indica si el pedido ha sido o no enviado ya al cliente.  Por defecto cuando se crea queda en N',
  `RESERVADO` varchar(1) NOT NULL COMMENT 'Indica si las lineas del pedido han sido reservadas, inicialmente debe estar en N',
  `ESTADO` varchar(1) NOT NULL COMMENT '[N]ormal            [R]emitido            [F]acturado            [C]ancelado',
  `CREADO_POR` varchar(20) NOT NULL,
  `CREADO_EL` datetime NOT NULL,
  `ACTUALIZADO_POR` varchar(20) NOT NULL,
  `ACTUALIZADO_EL` datetime NOT NULL,
  PRIMARY KEY (`PEDIDO`),
  KEY `FK_BODEGA_DEFECTO_PEDIDO` (`BODEGA`),
  KEY `FK_CLIENTE_PEDIDO` (`CLIENTE`),
  KEY `FK_CONDICION_PAGO_PEDIDO` (`CONDICION_PAGO`),
  KEY `FK_TIPO_PRECIO_PEDIDO` (`NIVEL_PRECIO`),
  KEY `CONSECUTIVO` (`CONSECUTIVO`),
  CONSTRAINT `FK_BODEGA_DEFECTO_PEDIDO` FOREIGN KEY (`BODEGA`) REFERENCES `bodega` (`ID`),
  CONSTRAINT `FK_CLIENTE_PEDIDO` FOREIGN KEY (`CLIENTE`) REFERENCES `cliente` (`CLIENTE`),
  CONSTRAINT `FK_CONDICION_PAGO_PEDIDO` FOREIGN KEY (`CONDICION_PAGO`) REFERENCES `codicion_pago` (`ID`),
  CONSTRAINT `FK_TIPO_PRECIO_PEDIDO` FOREIGN KEY (`NIVEL_PRECIO`) REFERENCES `nivel_precio` (`ID`),
  CONSTRAINT `pedido_ibfk_1` FOREIGN KEY (`CONSECUTIVO`) REFERENCES `consecutivo_fa` (`CODIGO_CONSECUTIVO`)
) ENGINE=InnoDB DEFAULT CHARSET=latin1 COMMENT='Tabla que almacena los pedidos de los clientes antes de fact';


DROP TABLE IF EXISTS `pedido_linea`;
CREATE TABLE `pedido_linea` (
  `ID` int(11) NOT NULL AUTO_INCREMENT,
  `ARTICULO` varchar(20) NOT NULL,
  `PEDIDO` varchar(50) NOT NULL,
  `LINEA` smallint(6) NOT NULL,
  `UNIDAD` int(11) NOT NULL,
  `CANTIDAD` decimal(28,8) NOT NULL,
  `PRECIO_UNITARIO` decimal(28,8) NOT NULL,
  `PORC_DESCUENTO` decimal(28,8) NOT NULL,
  `MONTO_DESCUENTO` decimal(28,8) NOT NULL,
  `PORC_IMPUESTO` decimal(28,8) NOT NULL,
  `VALOR_IMPUESTO` decimal(28,8) NOT NULL,
  `TIPO_PRECIO` int(11) DEFAULT NULL,
  `TOTAL` decimal(28,8) NOT NULL,
  `COMENTARIO` text,
  `ESTADO` varchar(1) NOT NULL COMMENT 'Los mismos estados del pedido',
  `ACTIVO` varchar(1) NOT NULL,
  `CREADO_POR` varchar(20) NOT NULL,
  `CREADO_EL` datetime NOT NULL,
  `ACTUALIZADO_POR` varchar(20) NOT NULL,
  `ACTUALIZADO_EL` datetime NOT NULL,
  PRIMARY KEY (`ID`),
  KEY `FK_ARTICULO_LINEA_PEDIDO` (`ARTICULO`),
  KEY `FK_LINEA_PEDIDO` (`PEDIDO`),
  KEY `FK_UNIDAD_LINEA_PEDIDO` (`UNIDAD`),
  KEY `TIPO_PRECIO` (`TIPO_PRECIO`),
  CONSTRAINT `FK_ARTICULO_LINEA_PEDIDO` FOREIGN KEY (`ARTICULO`) REFERENCES `articulo` (`ARTICULO`),
  CONSTRAINT `FK_LINEA_PEDIDO` FOREIGN KEY (`PEDIDO`) REFERENCES `pedido` (`PEDIDO`),
  CONSTRAINT `FK_UNIDAD_LINEA_PEDIDO` FOREIGN KEY (`UNIDAD`) REFERENCES `unidad_medida` (`ID`),
  CONSTRAINT `pedido_linea_ibfk_1` FOREIGN KEY (`TIPO_PRECIO`) REFERENCES `articulo_precio` (`ID`)
) ENGINE=InnoDB AUTO_INCREMENT=17 DEFAULT CHARSET=latin1 COMMENT='Almacena las lineas de un pedido';


DROP TABLE IF EXISTS `plantilla`;
CREATE TABLE `plantilla` (
  `ID` int(11) NOT NULL AUTO_INCREMENT,
  `NOMBRE` varchar(32) NOT NULL,
  `RUTA` varchar(128) DEFAULT NULL,
  `SUBMODULO` varchar(4) NOT NULL,
  `ACTIVO` varchar(1) DEFAULT NULL,
  PRIMARY KEY (`ID`),
  KEY `SUBMODULO` (`SUBMODULO`),
  CONSTRAINT `plantilla_ibfk_1` FOREIGN KEY (`SUBMODULO`) REFERENCES `submodulo` (`ID`)
) ENGINE=InnoDB AUTO_INCREMENT=7 DEFAULT CHARSET=latin1;

INSERT INTO `plantilla` (`ID`, `NOMBRE`, `RUTA`, `SUBMODULO`, `ACTIVO`) VALUES
(1, 'Carta',  'IngresoCompra',  'INCO', 'S'),
(2, 'Carta',  'SolicitudCompra',  'SOCO', 'S'),
(3, 'Carta',  'DocInv', 'DOIN', 'S'),
(4, 'Carta',  'OrdenCompra',  'ORCO', 'S'),
(5, 'Carta',  'PedidoMC', 'PEDI', 'S'),
(6, 'Carta',  'FacturaMC',  'FAAS', 'S');

DROP TABLE IF EXISTS `proveedor`;
CREATE TABLE `proveedor` (
  `PROVEEDOR` varchar(20) NOT NULL,
  `CATEGORIA` int(11) NOT NULL COMMENT 'Categoria del proveedor',
  `NOMBRE` varchar(80) NOT NULL COMMENT 'Nombre del proveedor',
  `ALIAS` varchar(80) DEFAULT NULL COMMENT 'Alias es un nombre alterno con el que tambien se puede conocer al proveedor',
  `CONTACTO` varchar(30) NOT NULL COMMENT 'nombre de alguna persona que labora en la empresa proveedora, con la cual se puede establecer contacto directo, para que atienda situaciones específicas de los pedidos.',
  `CARGO` varchar(30) NOT NULL COMMENT 'puesto, o posición dentro del organigrama, que tiene la persona a contactar.',
  `DIRECCION` text NOT NULL,
  `EMAIL` varchar(128) DEFAULT NULL,
  `FECHA_INGRESO` date NOT NULL COMMENT 'se debe establecer la fecha en la que el proveedor empezó relaciones comerciales con la empresa.',
  `TELEFONO1` varchar(20) NOT NULL,
  `TELEFONO2` varchar(20) DEFAULT NULL,
  `FAX` varchar(20) DEFAULT NULL,
  `NIT` varchar(20) NOT NULL COMMENT 'Nit del proveedor',
  `CONDICION_PAGO` varchar(25) DEFAULT NULL COMMENT 'identificación alfanumérica del centro de costo, la casilla tiene campo para 25 dígitos. Los códigos de los centros de costo se manejan de la misma manera que se manejan los códigos de las cuentas contables, generando centros padre y centros hijos.',
  `PAIS` varchar(4) NOT NULL,
  `UBICACION_GEOGRAFICA1` varchar(2) NOT NULL,
  `UBICACION_GEOGRAFICA2` varchar(5) DEFAULT NULL,
  `REGIMEN` varchar(12) DEFAULT NULL,
  `CIUDAD` varchar(64) DEFAULT NULL,
  `ACTIVO` varchar(1) NOT NULL,
  `ORDEN_MINIMA` decimal(28,8) DEFAULT NULL,
  `DESCUENTO` decimal(28,8) DEFAULT NULL,
  `TASA_INTERES_MORA` decimal(28,8) DEFAULT NULL,
  `NOTAS` text,
  `CREADO_POR` varchar(20) NOT NULL,
  `CREADO_EL` datetime NOT NULL,
  `ACTUALIZADO_POR` varchar(20) NOT NULL,
  `ACTUALIZADO_EL` datetime NOT NULL,
  PRIMARY KEY (`PROVEEDOR`),
  KEY `FK_CODICION_PAGO_PROVEEDOR` (`CONDICION_PAGO`),
  KEY `FK_NIT_PROVEEDOR` (`NIT`),
  KEY `FK_REFERENCE_10` (`CATEGORIA`),
  KEY `PAIS` (`PAIS`),
  KEY `REGIMEN` (`REGIMEN`),
  KEY `UBICACION_GEOGRAFICA1` (`UBICACION_GEOGRAFICA1`),
  KEY `UBICACION_GEOGRAFICA2` (`UBICACION_GEOGRAFICA2`),
  CONSTRAINT `FK_NIT_PROVEEDOR` FOREIGN KEY (`NIT`) REFERENCES `nit` (`ID`),
  CONSTRAINT `FK_REFERENCE_10` FOREIGN KEY (`CATEGORIA`) REFERENCES `categoria` (`ID`),
  CONSTRAINT `proveedor_ibfk_1` FOREIGN KEY (`UBICACION_GEOGRAFICA2`) REFERENCES `ubicacion_geografica2` (`ID`),
  CONSTRAINT `proveedor_ibfk_2` FOREIGN KEY (`UBICACION_GEOGRAFICA1`) REFERENCES `ubicacion_geografica1` (`ID`),
  CONSTRAINT `proveedor_ibfk_3` FOREIGN KEY (`PAIS`) REFERENCES `pais` (`ID`),
  CONSTRAINT `proveedor_ibfk_4` FOREIGN KEY (`REGIMEN`) REFERENCES `regimen_tributario` (`REGIMEN`),
  CONSTRAINT `proveedor_ibfk_5` FOREIGN KEY (`CONDICION_PAGO`) REFERENCES `codicion_pago` (`ID`)
) ENGINE=InnoDB DEFAULT CHARSET=latin1 COMMENT='Almacena los proveedores de la empresa';


DROP TABLE IF EXISTS `proveedor_entidad`;
CREATE TABLE `proveedor_entidad` (
  `ID` int(11) NOT NULL,
  `PROVEEDOR` varchar(20) NOT NULL,
  `ENTIDAD_FINANCIERA` int(11) NOT NULL,
  `CUENTA_BANCO` varchar(20) NOT NULL COMMENT 'Numero de cuenta',
  `NOTAS` text,
  `CTA_DEFECTO` varchar(1) DEFAULT NULL COMMENT 'Cuenta por defecto del proveedor Si o No',
  `TIPO_CUENTA` varchar(12) DEFAULT NULL,
  `ACTIVO` varchar(1) NOT NULL,
  `CREADO_POR` varchar(20) NOT NULL,
  `CREADO_EL` datetime NOT NULL,
  `ACTUALIZADO_POR` varchar(20) NOT NULL,
  `ACTUALIZADO_EL` datetime NOT NULL,
  PRIMARY KEY (`ID`),
  KEY `FK_CUENTA_PROVEEDOR` (`PROVEEDOR`),
  KEY `FK_TIPO_CUENTA_PROVEEDOR` (`TIPO_CUENTA`),
  KEY `ENTIDAD_FINANCIERA` (`ENTIDAD_FINANCIERA`),
  CONSTRAINT `FK_CUENTA_PROVEEDOR` FOREIGN KEY (`PROVEEDOR`) REFERENCES `proveedor` (`PROVEEDOR`),
  CONSTRAINT `FK_TIPO_CUENTA_PROVEEDOR` FOREIGN KEY (`TIPO_CUENTA`) REFERENCES `tipo_cuenta` (`TIPO_CUENTA`),
  CONSTRAINT `proveedor_entidad_ibfk_1` FOREIGN KEY (`ENTIDAD_FINANCIERA`) REFERENCES `entidad_financiera` (`ID`)
) ENGINE=InnoDB DEFAULT CHARSET=latin1 COMMENT='Entidades financieras asociadas a un proveedor, junto con su';


DROP TABLE IF EXISTS `regimen_tributario`;
CREATE TABLE `regimen_tributario` (
  `REGIMEN` varchar(12) NOT NULL,
  `DESCRIPCION` varchar(64) NOT NULL,
  `ACTIVO` varchar(1) NOT NULL,
  `CREADO_POR` varchar(20) NOT NULL,
  `CREADO_EL` datetime NOT NULL,
  `ACTUALIZADO_POR` varchar(20) NOT NULL,
  `ACTUALIZADO_EL` datetime NOT NULL,
  PRIMARY KEY (`REGIMEN`)
) ENGINE=InnoDB DEFAULT CHARSET=latin1 COMMENT='Almacena la informaciòn sobre los diferentes regimenes tribu';

INSERT INTO `regimen_tributario` (`REGIMEN`, `DESCRIPCION`, `ACTIVO`, `CREADO_POR`, `CREADO_EL`, `ACTUALIZADO_POR`, `ACTUALIZADO_EL`) VALUES
('EENR',  'Entidad estatal no responsable del Iva', 'S',  'admin',  '2013-01-25 11:00:00',  'admin',  '2013-01-25 11:00:00'),
('EERI',  'Entidad estatal responsable del Iva',  'S',  'admin',  '2013-01-25 11:00:00',  'admin',  '2013-01-25 11:00:00'),
('GCNR',  'Gran contribuyente no responsable del Iva',  'S',  'admin',  '2013-01-25 11:00:00',  'admin',  '2013-01-25 11:00:00'),
('GCRI',  'Gran contribuyente responsable de Iva',  'S',  'admin',  '2013-01-25 11:00:00',  'admin',  '2013-01-25 11:00:00'),
('NORI',  'No responsable del Iva', 'S',  'admin',  '2013-01-25 11:00:00',  'admin',  '2013-01-25 11:00:00'),
('NRDP',  'No residente o no domiciliado en el país', 'S',  'admin',  '2013-01-25 11:00:00',  'admin',  '2013-01-25 11:00:00'),
('RECO',  'Régimen común',  'S',  'admin',  '2013-01-25 11:00:00',  'admin',  '2013-01-25 11:00:00'),
('RESI',  'Régimen simplificado', 'S',  'admin',  '2013-01-25 11:00:00',  'admin',  '2013-01-25 11:00:00');

DROP TABLE IF EXISTS `retencion`;
CREATE TABLE `retencion` (
  `ID` varchar(4) NOT NULL,
  `NOMBRE` varchar(64) NOT NULL COMMENT 'nombre del tipo de impuesto o tipo de iva',
  `PORCENTAJE` decimal(28,8) NOT NULL,
  `MONTO_MINIMO` decimal(28,8) NOT NULL,
  `TIPO` varchar(1) NOT NULL COMMENT 'Modo de aplicacion al [R]egistrar o al [C]ancelar',
  `APLICA_MONTO` varchar(1) NOT NULL,
  `APLICA_SUBTOTAL` varchar(1) NOT NULL,
  `APLICA_SUB_DESC` varchar(1) NOT NULL,
  `APLICA_IMPUESTO1` varchar(1) NOT NULL,
  `APLICA_RUBRO1` varchar(1) NOT NULL,
  `APLICA_RUBRO2` varchar(1) NOT NULL,
  `ACTIVO` varchar(1) NOT NULL,
  `CREADO_POR` varchar(20) NOT NULL,
  `CREADO_EL` datetime NOT NULL,
  `ACTUALIZADO_POR` varchar(20) NOT NULL,
  `ACTUALIZADO_EL` datetime DEFAULT NULL,
  PRIMARY KEY (`ID`)
) ENGINE=InnoDB DEFAULT CHARSET=latin1 COMMENT='Permite almacenar los posibles tipos de retenciones que se a';


DROP TABLE IF EXISTS `solicitud_oc`;
CREATE TABLE `solicitud_oc` (
  `SOLICITUD_OC` varchar(10) NOT NULL,
  `DEPARTAMENTO` varchar(10) NOT NULL,
  `FECHA_SOLICITUD` date NOT NULL,
  `FECHA_REQUERIDA` date NOT NULL,
  `AUTORIZADA_POR` varchar(20) DEFAULT NULL COMMENT 'usuario que realiza la autorizacion',
  `FECHA_AUTORIZADA` datetime DEFAULT NULL COMMENT 'Fecha y hora en que se realizo la autorizacion de la solicitud de compra',
  `PRIORIDAD` varchar(1) NOT NULL COMMENT 'Prioridad que se le da a la solicitud [A]lta, [M]edia y [B]aja',
  `LINEAS_NO_ASIG` smallint(6) NOT NULL COMMENT 'Numero de lineas q aun no se han asignado de la solicitud a alguna orden de compra. Cuando se crea la solicitud queda en 0 y se actualiza cada vez que se adiciona una linea de la solicitud a una orden de compra.',
  `COMENTARIO` text,
  `CANCELADA_POR` varchar(20) DEFAULT NULL COMMENT 'Usuario que cancelo la solicitud de compra',
  `FECHA_CANCELADA` datetime DEFAULT NULL COMMENT 'Fecha y hora en que se cancelo la solicitud de compra',
  `RUBRO1` varchar(50) DEFAULT NULL,
  `RUBRO2` varchar(50) DEFAULT NULL,
  `RUBRO3` varchar(50) DEFAULT NULL,
  `RUBRO4` varchar(50) DEFAULT NULL,
  `RUBRO5` varchar(50) DEFAULT NULL,
  `ESTADO` varchar(1) NOT NULL COMMENT '[P]laneada\n            [N]o Asignada\n            [A]signada\n            [C]ancelada\n            ',
  `CREADO_POR` varchar(20) NOT NULL,
  `CREADO_EL` datetime NOT NULL,
  `ACTUALIZADO_POR` varchar(20) NOT NULL,
  `ACTUALIZADO_EL` datetime NOT NULL,
  PRIMARY KEY (`SOLICITUD_OC`),
  KEY `FK_DEPARTAMENTO_REALIZA_SOLICITUD` (`DEPARTAMENTO`),
  CONSTRAINT `FK_DEPARTAMENTO_REALIZA_SOLICITUD` FOREIGN KEY (`DEPARTAMENTO`) REFERENCES `departamento` (`ID`)
) ENGINE=InnoDB DEFAULT CHARSET=latin1 COMMENT='Solicitudes para ordenes de compra';


DROP TABLE IF EXISTS `solicitud_oc_linea`;
CREATE TABLE `solicitud_oc_linea` (
  `SOLICITUD_OC_LINEA` int(11) NOT NULL AUTO_INCREMENT,
  `SOLICITUD_OC` varchar(10) NOT NULL,
  `LINEA_NUM` smallint(6) NOT NULL COMMENT 'Numero de linea dentro de la solicitud de compra',
  `ARTICULO` varchar(20) NOT NULL,
  `DESCRIPCION` varchar(128) NOT NULL,
  `CANTIDAD` decimal(28,8) NOT NULL,
  `UNIDAD` int(11) NOT NULL,
  `SALDO` decimal(28,8) NOT NULL,
  `COMENTARIO` text,
  `FECHA_REQUERIDA` date NOT NULL,
  `ESTADO` varchar(1) NOT NULL COMMENT '[P]laneada\n            [N]o Asignada\n            [A]signada\n            [C]ancelada\n            ',
  `CREADO_POR` varchar(20) NOT NULL,
  `CREADO_EL` datetime NOT NULL,
  `ACTUALIZADO_POR` varchar(20) NOT NULL,
  `ACTUALIZADO_EL` datetime NOT NULL,
  PRIMARY KEY (`SOLICITUD_OC_LINEA`),
  KEY `FK_ARTICULO_LINEA_SOL` (`ARTICULO`),
  KEY `FK_SOLICITUD_PERTENECE_LINEA` (`SOLICITUD_OC`),
  CONSTRAINT `FK_ARTICULO_LINEA_SOL` FOREIGN KEY (`ARTICULO`) REFERENCES `articulo` (`ARTICULO`),
  CONSTRAINT `FK_SOLICITUD_PERTENECE_LINEA` FOREIGN KEY (`SOLICITUD_OC`) REFERENCES `solicitud_oc` (`SOLICITUD_OC`)
) ENGINE=InnoDB AUTO_INCREMENT=41 DEFAULT CHARSET=latin1 COMMENT='Lineas que conforman una orden de compra.';


DROP TABLE IF EXISTS `solicitud_orden_co`;
CREATE TABLE `solicitud_orden_co` (
  `ID` int(11) NOT NULL AUTO_INCREMENT,
  `SOLICITUD_OC` varchar(10) NOT NULL,
  `SOLICITUD_OC_LINEA` int(11) NOT NULL,
  `ORDEN_COMPRA` varchar(10) NOT NULL,
  `ORDEN_COMPRA_LINEA` int(11) NOT NULL,
  `DECIMA` decimal(28,8) NOT NULL,
  `ACTIVO` varchar(1) NOT NULL,
  `CREADO_POR` varchar(20) NOT NULL,
  `CREADO_EL` datetime NOT NULL,
  `ACTUALIZADO_POR` varchar(20) NOT NULL,
  `ACTUALIZADO_EL` datetime NOT NULL,
  PRIMARY KEY (`ID`),
  KEY `FK_CUBIERTO_EN_ORDEN_COMPRA_LINEA` (`ORDEN_COMPRA_LINEA`),
  KEY `FK_CUBIERTO_EN_ORDEN_COMPRA` (`ORDEN_COMPRA`),
  KEY `FK_CUBIERTO_EN_SOLICITUD_OC_LINEA` (`SOLICITUD_OC_LINEA`),
  KEY `FK_CUBIERTO_EN_SOLICITUD_ORDEN_COMPRA` (`SOLICITUD_OC`),
  CONSTRAINT `FK_CUBIERTO_EN_ORDEN_COMPRA` FOREIGN KEY (`ORDEN_COMPRA`) REFERENCES `orden_compra` (`ORDEN_COMPRA`),
  CONSTRAINT `FK_CUBIERTO_EN_ORDEN_COMPRA_LINEA` FOREIGN KEY (`ORDEN_COMPRA_LINEA`) REFERENCES `orden_compra_linea` (`ORDEN_COMPRA_LINEA`),
  CONSTRAINT `FK_CUBIERTO_EN_SOLICITUD_OC_LINEA` FOREIGN KEY (`SOLICITUD_OC_LINEA`) REFERENCES `solicitud_oc_linea` (`SOLICITUD_OC_LINEA`),
  CONSTRAINT `FK_CUBIERTO_EN_SOLICITUD_ORDEN_COMPRA` FOREIGN KEY (`SOLICITUD_OC`) REFERENCES `solicitud_oc` (`SOLICITUD_OC`)
) ENGINE=InnoDB DEFAULT CHARSET=latin1 COMMENT='Tabla que relaciona las solicitudes de compra con las ordene';


DROP TABLE IF EXISTS `submodulo`;
CREATE TABLE `submodulo` (
  `ID` varchar(4) NOT NULL,
  `NOMBRE` varchar(45) DEFAULT NULL,
  `MODULO` varchar(4) NOT NULL,
  `MODELO` varchar(30) DEFAULT NULL,
  `REPORTE` varchar(1) DEFAULT NULL,
  `PAPELERA` varchar(1) DEFAULT NULL,
  `ACTIVO` varchar(1) DEFAULT NULL,
  `CREADO_POR` varchar(20) DEFAULT NULL,
  `CREADO_EL` datetime DEFAULT NULL,
  `ACTUALIZADO_POR` varchar(20) DEFAULT NULL,
  `ACTUALIZADO_EL` datetime DEFAULT NULL,
  PRIMARY KEY (`ID`),
  KEY `FK_SUBMODULO_MODULO` (`MODULO`),
  CONSTRAINT `FK_SUBMODULO_MODULO` FOREIGN KEY (`MODULO`) REFERENCES `modulo` (`ID`) ON DELETE NO ACTION ON UPDATE NO ACTION
) ENGINE=InnoDB DEFAULT CHARSET=latin1;

INSERT INTO `submodulo` (`ID`, `NOMBRE`, `MODULO`, `MODELO`, `REPORTE`, `PAPELERA`, `ACTIVO`, `CREADO_POR`, `CREADO_EL`, `ACTUALIZADO_POR`, `ACTUALIZADO_EL`) VALUES
('ADRE',  'Administración de Reportes', 'ADSI', 'FormatoImpresion', 'N',  'S',  'S',  NULL, NULL, NULL, NULL),
('ARTI',  'Artículos',  'INVE', 'Articulo', 'N',  'N',  'S',  NULL, NULL, NULL, NULL),
('BODE',  'Bodegas',  'ADSI', 'Bodega', 'N',  'S',  'S',  NULL, NULL, NULL, NULL),
('CATE',  'Categorías', 'ADSI', 'Categoria',  'N',  'S',  'S',  NULL, NULL, NULL, NULL),
('CECO',  'Centro de Costos', 'ADSI', 'CentroCostos', 'N',  'S',  'S',  NULL, NULL, NULL, NULL),
('CLAS',  'Clasificaciónes',  'INVE', 'ClasificacionAdi', 'N',  'S',  'S',  NULL, NULL, NULL, NULL),
('CLIE',  'Clientes', 'FACT', 'Cliente',  'N',  'S',  'S',  NULL, NULL, NULL, NULL),
('COCO',  'Configuración de Compras', 'COMP', 'ConfCo', 'N',  'N',  'S',  NULL, NULL, NULL, NULL),
('COFA',  'Configuración Facturación',  'FACT', 'ConfFa', 'N',  'N',  'S',  NULL, NULL, NULL, NULL),
('COGE',  'Configuración General',  'ADSI', 'ConfAs', 'N',  'N',  'S',  NULL, NULL, NULL, NULL),
('COIN',  'Configuración de Inventario',  'INVE', 'ConfCi', 'N',  'N',  'S',  NULL, NULL, NULL, NULL),
('CONF',  'Consecutivos', 'FACT', 'ConsecutivoFa',  'N',  'S',  'S',  NULL, NULL, NULL, NULL),
('CONI',  'Consecutivos', 'INVE', 'ConsecutivoCi',  'N',  'S',  'S',  NULL, NULL, NULL, NULL),
('COPA',  'Condiciones de Pago',  'ADSI', 'CodicionPago', 'N',  'S',  'S',  NULL, NULL, NULL, NULL),
('DAEM',  'Datos Empresa',  'ADSI', 'Compania', 'N',  'N',  'S',  NULL, NULL, NULL, NULL),
('DEPA',  'Departamentos',  'ADSI', 'UbicacionGeografica1', 'N',  'N',  'S',  NULL, NULL, NULL, NULL),
('DEPE',  'Dependencias', 'ADSI', 'Departamento', 'N',  'S',  'S',  NULL, NULL, NULL, NULL),
('DIFE',  'Días Feriados',  'ADSI', 'DiaFeriado', 'N',  'S',  'S',  NULL, NULL, NULL, NULL),
('DOIN',  'Documentos', 'INVE', 'DocumentoInv', 'S',  'N',  'S',  NULL, NULL, NULL, NULL),
('ENAR',  'Ensambles de artículos', 'FACT', 'ArticuloEnsamble', 'N',  'N',  'S',  NULL, NULL, NULL, NULL),
('ENFI',  'Entidades Financieras',  'ADSI', 'EntidadFinanciera',  'N',  'S',  'S',  NULL, NULL, NULL, NULL),
('FAAS',  'Facturas', 'FACT', 'Factura',  'S',  'N',  'S',  NULL, NULL, NULL, NULL),
('IMPU',  'Impuestos',  'ADSI', 'Impuesto', 'N',  'N',  'S',  NULL, NULL, NULL, NULL),
('INCO',  'Ingreso de Compra',  'COMP', 'IngresoCompra',  'S',  'N',  'S',  NULL, NULL, NULL, NULL),
('MEVA',  'Metodos de Valuación', 'INVE', 'MetodoValuacionInv', 'N',  'N',  'S',  NULL, NULL, NULL, NULL),
('MUNI',  'Municipios', 'ADSI', 'UbicacionGeografica2', 'N',  'N',  'S',  NULL, NULL, NULL, NULL),
('NIPE',  'Nivel de Precios', 'ADSI', 'NivelPrecio',  'N',  'S',  'S',  NULL, NULL, NULL, NULL),
('NITS',  'Nits', 'ADSI', 'Nit',  'N',  'S',  'S',  NULL, NULL, NULL, NULL),
('ORCO',  'Ordenes de Compra',  'COMP', 'OrdenCompra',  'S',  'N',  'S',  NULL, NULL, NULL, NULL),
('PAIS',  'Países', 'ADSI', 'Pais', 'N',  'N',  'S',  NULL, NULL, NULL, NULL),
('PAPE',  'Papelera', 'ADSI', 'Papelera', 'N',  'N',  'S',  NULL, NULL, NULL, NULL),
('PEDI',  'Pedidos',  'FACT', 'Pedido', 'S',  'N',  'S',  NULL, NULL, NULL, NULL),
('PRAR',  'Precios de Articulos', 'FACT', 'ArticuloPrecio', 'N',  'N',  'S',  NULL, NULL, NULL, NULL),
('PROV',  'Proveedor',  'COMP', 'Proveedor',  'N',  'S',  'S',  NULL, NULL, NULL, NULL),
('RETE',  'Retenciones',  'ADSI', 'Retencion',  'N',  'N',  'S',  NULL, NULL, NULL, NULL),
('RETR',  'Regimen Tributario', 'ADSI', 'RegimenTributario',  'N',  'N',  'S',  NULL, NULL, NULL, NULL),
('SOCO',  'Solicitud de Compra',  'COMP', 'SolicitudOc',  'S',  'N',  'S',  NULL, NULL, NULL, NULL),
('TIAR',  'Tipos de Artículos', 'INVE', 'TipoArticulo', 'N',  'N',  'S',  NULL, NULL, NULL, NULL),
('TIDO',  'Tipo Documento', 'ADSI', 'TipoDocumento',  'N',  'S',  'S',  NULL, NULL, NULL, NULL),
('TITA',  'Tipo Tarjeta', 'ADSI', 'TipoTarjeta',  'N',  'S',  'S',  NULL, NULL, NULL, NULL),
('TITR',  'Tipos de Transacción', 'INVE', 'TipoTransaccion',  'N',  'S',  'S',  NULL, NULL, NULL, NULL),
('UNME',  'Unidades de Medida', 'INVE', 'UnidadMedida', 'N',  'S',  'S',  NULL, NULL, NULL, NULL),
('VACL',  'Valores para Clasificaciones ',  'INVE', 'ClasificacionAdiValor',  'N',  'S',  'S',  NULL, NULL, NULL, NULL),
('ZONA',  'Zonas',  'ADSI', 'Zona', 'N',  'S',  'S',  NULL, NULL, NULL, NULL);

DROP TABLE IF EXISTS `subtipo_transaccion`;
CREATE TABLE `subtipo_transaccion` (
  `ID` int(11) NOT NULL AUTO_INCREMENT,
  `NOMBRE` varchar(32) NOT NULL,
  `TIPO_TRANSACCION` varchar(4) NOT NULL,
  `ACTIVO` varchar(1) NOT NULL,
  `CREADO_POR` varchar(20) NOT NULL,
  `CREADO_EL` datetime NOT NULL,
  `ACTUALIZADO_POR` varchar(20) NOT NULL,
  `ACTUALIZADO_EL` datetime NOT NULL,
  PRIMARY KEY (`ID`),
  KEY `TIPO_TRANSACCION` (`TIPO_TRANSACCION`),
  CONSTRAINT `fk_tipo_transaccion_del_subtipo` FOREIGN KEY (`TIPO_TRANSACCION`) REFERENCES `tipo_transaccion` (`TIPO_TRANSACCION`),
  CONSTRAINT `subtipo_transaccion_ibfk_1` FOREIGN KEY (`TIPO_TRANSACCION`) REFERENCES `tipo_transaccion` (`TIPO_TRANSACCION`)
) ENGINE=InnoDB AUTO_INCREMENT=14 DEFAULT CHARSET=latin1 COMMENT='Tabla que almacena los subtipos de transaccion';


DROP TABLE IF EXISTS `temas`;
CREATE TABLE `temas` (
  `ID` int(11) NOT NULL AUTO_INCREMENT,
  `NOMBRE` varchar(20) NOT NULL,
  `ACTIVO` int(11) NOT NULL DEFAULT '0',
  PRIMARY KEY (`ID`)
) ENGINE=InnoDB AUTO_INCREMENT=3 DEFAULT CHARSET=latin1;


DROP TABLE IF EXISTS `tipo_academico`;
CREATE TABLE `tipo_academico` (
  `TIPO_ACADEMICO` int(11) NOT NULL AUTO_INCREMENT,
  `NOMBRE` varchar(16) NOT NULL,
  `ACTIVO` varchar(1) NOT NULL,
  `CREADO_POR` varchar(20) NOT NULL,
  `CREADO_EL` datetime NOT NULL,
  `ACTUALIZADO_POR` varchar(20) NOT NULL,
  `ACTUALIZADO_EL` datetime NOT NULL,
  PRIMARY KEY (`TIPO_ACADEMICO`)
) ENGINE=InnoDB DEFAULT CHARSET=latin1 COMMENT='niveles de estudio';


DROP TABLE IF EXISTS `tipo_accidente`;
CREATE TABLE `tipo_accidente` (
  `TIPO_ACCIDENTE` int(11) NOT NULL AUTO_INCREMENT,
  `NOMBRE` varchar(16) NOT NULL,
  `ACTIVO` varchar(1) NOT NULL,
  `CREADO_POR` varchar(20) NOT NULL,
  `CREADO_EL` datetime NOT NULL,
  `ACTUALIZADO_POR` varchar(20) NOT NULL,
  `ACTUALIZADO_EL` datetime NOT NULL,
  PRIMARY KEY (`TIPO_ACCIDENTE`)
) ENGINE=InnoDB DEFAULT CHARSET=latin1 COMMENT='Tipos de accidente que puede tener un empleado';


DROP TABLE IF EXISTS `tipo_articulo`;
CREATE TABLE `tipo_articulo` (
  `ID` int(11) NOT NULL AUTO_INCREMENT,
  `NOMBRE` varchar(32) NOT NULL,
  `DESCRIPCION` text NOT NULL,
  `ACTIVO` varchar(1) NOT NULL,
  `CREADO_POR` varchar(20) NOT NULL,
  `CREADO_EL` datetime NOT NULL,
  `ACTUALIZADO_POR` varchar(20) NOT NULL,
  `ACTUALIZADO_EL` datetime NOT NULL,
  PRIMARY KEY (`ID`)
) ENGINE=InnoDB AUTO_INCREMENT=17 DEFAULT CHARSET=latin1 COMMENT='Tipos de articulo';

INSERT INTO `tipo_articulo` (`ID`, `NOMBRE`, `DESCRIPCION`, `ACTIVO`, `CREADO_POR`, `CREADO_EL`, `ACTUALIZADO_POR`, `ACTUALIZADO_EL`) VALUES
(1, 'Terminado',  'artículos que se tienen en inventario y que se encuentran listos para ser embarcados a un cliente de acuerdo a un pedido en una planta de producción.',  'S',  'admin',  '2012-06-04 10:52:07',  'admin',  '2012-06-04 10:52:07'),
(2, 'Materia Prima',  'artículos esenciales que se utilizan para la elaboración de un producto, las materias primas son las que permiten iniciar el ciclo de transformación para obtener los componentes o el producto terminado que es ofrecido al cliente.',  'S',  'admin',  '2012-06-04 10:52:37',  'admin',  '2012-06-04 10:52:37'),
(3, 'Semielaborado',  'artículos que ingresan al inventario después de concluir varias etapas del proceso productivo, pero que aún no cumplen con todas las especificaciones que caracterizan al producto final que es ofrecido a los clientes. Los artículos semielaborados pueden considerarse como componentes de un artículos posterior, que se conforma a partir de ellos.', 'S',  'admin',  '2012-06-04 10:53:16',  'admin',  '2012-06-04 10:53:16'),
(4, 'Mat. Empaque', 'el material de empaque son productos utilizados para empacar el artículo terminado del proceso productivo. El material de empaque es el que evita que las condiciones del ambiente cambien las características originales del producto terminado.',  'S',  'admin',  '2012-06-04 10:53:47',  'admin',  '2012-06-04 10:53:47'),
(5, 'Proceso',  'productos que están siendo transformados por un proceso productivo en un lapso determinado.',  'S',  'admin',  '2012-06-04 10:54:05',  'admin',  '2012-06-04 10:54:05'),
(6, 'Reproceso',  'productos que han tenido que iniciar nuevamente todas o varias etapas del proceso productivo puesto que no cumplieron con las especificaciones de calidad para el mismo.', 'S',  'admin',  '2012-06-04 10:54:24',  'admin',  '2012-06-04 10:54:24'),
(7, 'Laboral',  'este tipo de artículo se utiliza para reflejar transacciones de inventario de tipo servicio, puesto que no acepta existencias en inventario.', 'S',  'admin',  '2012-06-04 10:54:43',  'admin',  '2012-06-04 10:54:43'),
(8, 'Otros',  'se utiliza cuando el artículo no coincide con ninguna de las categorías definidas en esta opción.',  'S',  'admin',  '2012-06-04 10:55:00',  'admin',  '2012-06-04 10:55:00'),
(9, 'Suministro', 'son artículos que se requieren para la realización del trabajo de la empresa, tales suministros no participan directamente en el proceso productivo pero permiten que éste se lleve a cabo.',  'S',  'admin',  '2012-06-04 10:55:23',  'admin',  '2012-06-04 10:55:23'),
(10,  'Refacción',  'artículos del inventario que sirven como repuestos o para reemplazo de piezas de la maquinaria o equipo utilizado en la empresa.', 'S',  'admin',  '2012-06-04 10:55:38',  'admin',  '2012-06-04 10:55:38'),
(11,  'Servicio', 'un artículo se define de este tipo cuando se refiere a un servicio que ofrece la empresa como parte de su labor diaria', 'S',  'admin',  '2012-06-04 10:55:56',  'admin',  '2012-06-04 10:55:56'),
(12,  'Co-producto',  'productos que son manufacturados juntos o secuencialmente, por sus similitudes de producto o proceso. Los co-productos son aquellos que parten de un mismo material inicial, pero que luego se van convirtiendo en productos finales con distintas características.',  'S',  'admin',  '2012-06-04 10:56:13',  'admin',  '2012-06-04 10:56:13'),
(13,  'Subproducto',  'material de desecho, producto del proceso de un artículo, que es usado para otros propósitos.',  'S',  'admin',  '2012-06-04 10:56:34',  'admin',  '2012-06-04 10:56:34'),
(14,  'Desecho',  'productos que son eliminados del proceso productivo por incumplimiento con las especificaciones, pero que no puede corregir el error, de manera que es imposible reprocesarlo.', 'S',  'admin',  '2012-06-04 10:56:50',  'admin',  '2012-06-04 10:56:50'),
(15,  'Fantasma', 'se refiere a artículos que no existen en la bodega como tales, pero que se definen como parte de una estructura de manufactura, es decir, es un artículo intermedio entre la materia prima y el producto terminado.',  'S',  'admin',  '2012-06-04 10:57:09',  'admin',  '2012-06-04 10:57:09'),
(16,  'Kit',  'un artículo tipo kit es aquel que está conformado por varios artículos terminados que se venden en un solo paquete.',  'S',  'admin',  '2012-06-04 10:57:27',  'admin',  '2012-06-04 10:57:27');

DROP TABLE IF EXISTS `tipo_ausencia`;
CREATE TABLE `tipo_ausencia` (
  `TIPO_AUSENCIA` int(11) NOT NULL AUTO_INCREMENT,
  `NOMBRE` varchar(16) NOT NULL,
  `JUSTIFICADA` varchar(1) NOT NULL COMMENT '[S]i o [N]o',
  `PAGO` varchar(1) NOT NULL COMMENT '[S]i o [N]o',
  `ACTIVO` varchar(1) NOT NULL,
  `CREADO_POR` varchar(20) NOT NULL,
  `CREADO_EL` datetime NOT NULL,
  `ACTUALIZADO_POR` varchar(20) NOT NULL,
  `ACTUALIZADO_EL` datetime NOT NULL,
  PRIMARY KEY (`TIPO_AUSENCIA`)
) ENGINE=InnoDB DEFAULT CHARSET=latin1 COMMENT='Tipos de ausencia que puede tener un empleado';


DROP TABLE IF EXISTS `tipo_cantidad_articulo`;
CREATE TABLE `tipo_cantidad_articulo` (
  `ID` varchar(1) NOT NULL COMMENT 'D = Disponbile            R = Reservada            T = Remitida            C = Cuarentena            V = Vencida',
  `NOMBRE` varchar(16) NOT NULL,
  `DESCRIPCION` text,
  `ACTIVO` varchar(1) NOT NULL,
  `CREADO_POR` varchar(20) NOT NULL,
  `CREADO_EL` datetime NOT NULL,
  `ACTUALIZADO_POR` varchar(20) NOT NULL,
  `ACTUALIZADO_EL` datetime NOT NULL,
  PRIMARY KEY (`ID`)
) ENGINE=InnoDB DEFAULT CHARSET=latin1 COMMENT='Almacena los diferentes tipos de cantidad que puede tener un';

INSERT INTO `tipo_cantidad_articulo` (`ID`, `NOMBRE`, `DESCRIPCION`, `ACTIVO`, `CREADO_POR`, `CREADO_EL`, `ACTUALIZADO_POR`, `ACTUALIZADO_EL`) VALUES
('C', 'Cuarentena', 'Estas son las cantidades en cuarentena', 'S',  'admin',  '2012-08-13 00:00:00',  'admin',  '2012-08-13 00:00:00'),
('D', 'Disponible', 'Estas son las cantidades disponibles ',  'S',  'admin',  '2012-08-13 00:00:00',  'admin',  '2012-08-13 00:00:00'),
('R', 'Reservada',  'Estas con las cantidades reservadas',  'S',  'admin',  '2012-08-13 00:00:00',  'admin',  '2012-08-13 00:00:00'),
('T', 'Remitida', 'Estas scon las cantidades remitidas',  'S',  'admin',  '2012-08-13 00:00:00',  'admin',  '2012-08-13 00:00:00'),
('V', 'Vencida',  'Estas son las cantidades vencidas',  'S',  'admin',  '2012-08-13 00:00:00',  'admin',  '2012-08-13 00:00:00');

DROP TABLE IF EXISTS `tipo_contrato`;
CREATE TABLE `tipo_contrato` (
  `TIPO_CONTRATO` int(11) NOT NULL AUTO_INCREMENT,
  `NOMBRE` varchar(16) NOT NULL,
  `ACTIVO` varchar(1) NOT NULL,
  `CREADO_POR` varchar(20) NOT NULL,
  `CREADO_EL` datetime NOT NULL,
  `ACTUALIZADO_POR` varchar(20) NOT NULL,
  `ACTUALIZADO_EL` datetime NOT NULL,
  PRIMARY KEY (`TIPO_CONTRATO`)
) ENGINE=InnoDB DEFAULT CHARSET=latin1 COMMENT='Tipos de contrato que puede tener un empleado';


DROP TABLE IF EXISTS `tipo_cuenta`;
CREATE TABLE `tipo_cuenta` (
  `TIPO_CUENTA` varchar(12) NOT NULL,
  `DESCRIPCION` varchar(40) NOT NULL,
  `ACTIVO` varchar(1) NOT NULL,
  `CREADO_POR` varchar(20) NOT NULL,
  `CREADO_EL` datetime NOT NULL,
  `ACTUALIZADO_POR` varchar(20) NOT NULL,
  `ACTUALIZADO_EL` datetime NOT NULL,
  PRIMARY KEY (`TIPO_CUENTA`)
) ENGINE=InnoDB DEFAULT CHARSET=latin1 COMMENT='Almacena los tipos de cuenta bancaria que se puede tener en ';


DROP TABLE IF EXISTS `tipo_documento`;
CREATE TABLE `tipo_documento` (
  `ID` varchar(10) NOT NULL,
  `DESCRIPCION` varchar(64) NOT NULL,
  `MASCARA` varchar(20) NOT NULL,
  `ACTIVO` varchar(1) NOT NULL,
  `CREADO_POR` varchar(20) NOT NULL,
  `CREADO_EL` datetime NOT NULL,
  `ACTUALIZADO_POR` varchar(20) NOT NULL,
  `ACTUALIZADO_EL` datetime NOT NULL,
  PRIMARY KEY (`ID`)
) ENGINE=InnoDB DEFAULT CHARSET=latin1 COMMENT='Con el fin de facilitar y estandarizar la creación de NIT’s,';


DROP TABLE IF EXISTS `tipo_tarjeta`;
CREATE TABLE `tipo_tarjeta` (
  `ID` int(11) NOT NULL AUTO_INCREMENT,
  `DESCRIPCION` varchar(64) NOT NULL COMMENT 'nombre del tipo de tarjeta.',
  `ACTIVO` varchar(1) NOT NULL,
  `CREADO_POR` varchar(20) NOT NULL,
  `CREADO_EL` datetime NOT NULL,
  `ACTUALIZADO_POR` varchar(20) NOT NULL,
  `ACTUALIZADO_EL` datetime NOT NULL,
  PRIMARY KEY (`ID`)
) ENGINE=InnoDB AUTO_INCREMENT=2 DEFAULT CHARSET=latin1 COMMENT='El objetivo de los tipos de tarjeta de crédito es establecer';


DROP TABLE IF EXISTS `tipo_transaccion`;
CREATE TABLE `tipo_transaccion` (
  `TIPO_TRANSACCION` varchar(4) NOT NULL,
  `NOMBRE` varchar(16) NOT NULL,
  `TRANSACCION_BASE` varchar(4) DEFAULT NULL COMMENT 'Codigo del tipo de transaccion base',
  `TRANSACCION_FIJA` varchar(1) DEFAULT NULL COMMENT 'El tipo de trasnaccion se puede modificar o borrar [S]i o [N]',
  `NATURALEZA` varchar(1) DEFAULT NULL COMMENT 'La naturaleza hace referencia a si por defecto el tipo de transaccion es una Salida, Entrada, Ambas o Ninguna',
  `ACTIVO` varchar(1) NOT NULL,
  `CREADO_POR` varchar(20) NOT NULL,
  `CREADO_EL` datetime NOT NULL,
  `ACTUALIZADO_POR` varchar(20) NOT NULL,
  `ACTUALIZADO_EL` datetime NOT NULL,
  PRIMARY KEY (`TIPO_TRANSACCION`),
  KEY `FK_TIPO_TRANSACCION_BASE` (`TRANSACCION_BASE`),
  CONSTRAINT `tipo_transaccion_ibfk_1` FOREIGN KEY (`TRANSACCION_BASE`) REFERENCES `tipo_transaccion` (`TIPO_TRANSACCION`)
) ENGINE=InnoDB DEFAULT CHARSET=latin1 COMMENT='Tipo de transaccion de inventario.  Existen unos tipos fijos';


DROP TABLE IF EXISTS `tipo_transaccion_cantidad`;
CREATE TABLE `tipo_transaccion_cantidad` (
  `ID` int(11) NOT NULL AUTO_INCREMENT,
  `TIPO_TRANSACCION` varchar(4) NOT NULL,
  `CANTIDAD` varchar(1) NOT NULL,
  `ACTIVO` varchar(1) NOT NULL,
  `CREADO_POR` varchar(20) NOT NULL,
  `CREADO_EL` datetime NOT NULL,
  `ACTUALIZADO_POR` varchar(20) NOT NULL,
  `ACTUALIZADO_EL` datetime NOT NULL,
  PRIMARY KEY (`ID`),
  KEY `FK_TIPO_CANTIDAD_PARA_TIPO_TRANSACCION` (`CANTIDAD`),
  KEY `FK_TIPO_TRANSACCION_AFECTA_CANTIDAD` (`TIPO_TRANSACCION`),
  CONSTRAINT `FK_TIPO_CANTIDAD_PARA_TIPO_TRANSACCION` FOREIGN KEY (`CANTIDAD`) REFERENCES `tipo_cantidad_articulo` (`ID`),
  CONSTRAINT `FK_TIPO_TRANSACCION_AFECTA_CANTIDAD` FOREIGN KEY (`TIPO_TRANSACCION`) REFERENCES `tipo_transaccion` (`TIPO_TRANSACCION`)
) ENGINE=InnoDB AUTO_INCREMENT=49 DEFAULT CHARSET=latin1 COMMENT='Tabla en la que se relaciona las cantidades que pueden ser a';


DROP TABLE IF EXISTS `transaccion_inv`;
CREATE TABLE `transaccion_inv` (
  `TRANSACCION_INV` int(11) NOT NULL AUTO_INCREMENT,
  `CONSECUTIVO_CI` varchar(20) DEFAULT NULL COMMENT 'Codigo del consecutivo de inventario usado para el movimiento',
  `CONSECUTIVO_CO` varchar(10) DEFAULT NULL COMMENT 'Codigo del consecutivo de Compras usado para el movimiento',
  `CONSECUTIVO_FA` varchar(10) DEFAULT NULL,
  `MODULO_ORIGEN` varchar(4) NOT NULL COMMENT 'Modulo desde el cual se hizo la aplicación al inventario            CI = Control de Inventario            CO = Compras            FA = Facturación',
  `REFERENCIA` varchar(200) NOT NULL COMMENT 'Texto con información adicional acerca del movimiento',
  `ACTIVO` varchar(1) NOT NULL,
  `CREADO_POR` varchar(20) NOT NULL,
  `CREADO_EL` datetime NOT NULL,
  `ACTUALIZADO_POR` varchar(20) NOT NULL,
  `ACTUALIZADO_EL` datetime NOT NULL,
  PRIMARY KEY (`TRANSACCION_INV`),
  KEY `CONSECUTIVO_CI` (`CONSECUTIVO_CI`),
  KEY `CONSECUTIVO_CO` (`CONSECUTIVO_CO`),
  KEY `CONSECUTIVO_FA` (`CONSECUTIVO_FA`),
  CONSTRAINT `transaccion_inv_ibfk_1` FOREIGN KEY (`CONSECUTIVO_CI`) REFERENCES `documento_inv` (`DOCUMENTO_INV`),
  CONSTRAINT `transaccion_inv_ibfk_2` FOREIGN KEY (`CONSECUTIVO_CO`) REFERENCES `ingreso_compra` (`INGRESO_COMPRA`),
  CONSTRAINT `transaccion_inv_ibfk_3` FOREIGN KEY (`CONSECUTIVO_FA`) REFERENCES `factura` (`FACTURA`)
) ENGINE=InnoDB AUTO_INCREMENT=4 DEFAULT CHARSET=latin1 COMMENT='Encabezado de los movimientos aplicados al inventario';


DROP TABLE IF EXISTS `transaccion_inv_detalle`;
CREATE TABLE `transaccion_inv_detalle` (
  `TRANSACCION_INV_DETALLE` int(11) NOT NULL AUTO_INCREMENT,
  `TRANSACCION_INV` int(11) NOT NULL,
  `LINEA` smallint(6) NOT NULL,
  `TIPO_TRANSACCION` varchar(4) DEFAULT NULL,
  `SUBTIPO` int(11) DEFAULT NULL,
  `TIPO_TRANSACCION_CANTIDAD` varchar(1) DEFAULT NULL,
  `ARTICULO` varchar(20) NOT NULL,
  `UNIDAD` int(11) NOT NULL,
  `BODEGA` varchar(4) NOT NULL,
  `NATURALEZA` varchar(1) NOT NULL COMMENT '[C]osto            [S]alida            [E]ntrada',
  `CANTIDAD` decimal(28,8) NOT NULL,
  `COSTO_UNITARIO` decimal(28,8) NOT NULL,
  `PRECIO_UNITARIO` decimal(28,8) NOT NULL,
  `ACTIVO` varchar(1) NOT NULL,
  `CREADO_POR` varchar(20) NOT NULL,
  `CREADO_EL` datetime NOT NULL,
  `ACTUALIZADO_POR` varchar(20) NOT NULL,
  `ACTUALIZADO_EL` datetime NOT NULL,
  PRIMARY KEY (`TRANSACCION_INV_DETALLE`),
  KEY `FFK_ARTICULO_MOVIMIENTO` (`ARTICULO`),
  KEY `FK_BODEGA_MOVIMIENTO` (`BODEGA`),
  KEY `FK_REFERENCE_92` (`TRANSACCION_INV`),
  KEY `FK_SUBTIPO_TRANSACCION_MOVIMIENTO` (`SUBTIPO`),
  KEY `FK_TIPO_TRANSACCION_MOVIMIENTO` (`TIPO_TRANSACCION`),
  KEY `FK_UNIDAD_ARTICULO_MOVIMIENTO` (`UNIDAD`),
  KEY `FK_TIPO_TRANSACCION_CANTIDAD_MOVIMIENTO` (`TIPO_TRANSACCION_CANTIDAD`),
  CONSTRAINT `FK_BODEGA_MOVIMIENTO` FOREIGN KEY (`BODEGA`) REFERENCES `bodega` (`ID`),
  CONSTRAINT `FK_REFERENCE_92` FOREIGN KEY (`TRANSACCION_INV`) REFERENCES `transaccion_inv` (`TRANSACCION_INV`),
  CONSTRAINT `FK_SUBTIPO_TRANSACCION_MOVIMIENTO` FOREIGN KEY (`SUBTIPO`) REFERENCES `subtipo_transaccion` (`ID`),
  CONSTRAINT `FK_TIPO_TRANSACCION_MOVIMIENTO` FOREIGN KEY (`TIPO_TRANSACCION`) REFERENCES `tipo_transaccion` (`TIPO_TRANSACCION`),
  CONSTRAINT `FK_UNIDAD_ARTICULO_MOVIMIENTO` FOREIGN KEY (`UNIDAD`) REFERENCES `unidad_medida` (`ID`),
  CONSTRAINT `transaccion_inv_detalle_ibfk_2` FOREIGN KEY (`ARTICULO`) REFERENCES `articulo` (`ARTICULO`),
  CONSTRAINT `transaccion_inv_detalle_ibfk_3` FOREIGN KEY (`TIPO_TRANSACCION_CANTIDAD`) REFERENCES `tipo_cantidad_articulo` (`ID`)
) ENGINE=InnoDB AUTO_INCREMENT=3 DEFAULT CHARSET=latin1 COMMENT='Tabla con el detalle de las transacciones que afectan el inv';


DROP TABLE IF EXISTS `ubicacion_geografica1`;
CREATE TABLE `ubicacion_geografica1` (
  `ID` varchar(2) NOT NULL,
  `PAIS` varchar(4) DEFAULT NULL,
  `NOMBRE` varchar(64) NOT NULL,
  `ACTIVO` varchar(1) NOT NULL,
  `CREADO_POR` varchar(20) NOT NULL,
  `CREADO_EL` datetime NOT NULL,
  `ACTUALIZADO_POR` varchar(20) NOT NULL,
  `ACTUALIZADO_EL` datetime NOT NULL,
  PRIMARY KEY (`ID`),
  KEY `FK_PAIS_DE_LA_UBICACION` (`PAIS`),
  CONSTRAINT `FK_PAIS_DE_LA_UBICACION` FOREIGN KEY (`PAIS`) REFERENCES `pais` (`ID`)
) ENGINE=InnoDB DEFAULT CHARSET=latin1 COMMENT='Almacena los departamentos de colombia';

INSERT INTO `ubicacion_geografica1` (`ID`, `PAIS`, `NOMBRE`, `ACTIVO`, `CREADO_POR`, `CREADO_EL`, `ACTUALIZADO_POR`, `ACTUALIZADO_EL`) VALUES
('05',  'COL',  'Antioquia',  'S',  'admin',  '2012-05-11 09:11:40',  'admin',  '2012-05-11 09:11:40'),
('08',  'COL',  'Atlántico',  'S',  'admin',  '2012-05-11 09:11:40',  'admin',  '2012-05-11 09:11:40'),
('11',  'COL',  'Bogotá D.C', 'S',  'admin',  '2012-05-11 09:11:40',  'admin',  '2012-05-11 09:11:40'),
('13',  'COL',  'Bolívar',  'S',  'admin',  '2012-05-11 09:11:40',  'admin',  '2012-05-11 09:11:40'),
('15',  'COL',  'Boyacá', 'S',  'admin',  '2012-05-11 09:11:40',  'admin',  '2012-05-11 09:11:40'),
('17',  'COL',  'Caldas', 'S',  'admin',  '2012-05-11 09:11:40',  'admin',  '2012-05-11 09:11:40'),
('18',  'COL',  'Caquetá',  'S',  'admin',  '2012-05-11 09:11:40',  'admin',  '2012-05-11 09:11:40'),
('19',  'COL',  'Cauca',  'S',  'admin',  '2012-05-11 09:11:40',  'admin',  '2012-05-11 09:11:40'),
('20',  'COL',  'Cesar',  'S',  'admin',  '2012-05-11 09:11:40',  'admin',  '2012-05-11 09:11:40'),
('23',  'COL',  'Córdoba',  'S',  'admin',  '2012-05-11 09:11:40',  'admin',  '2012-05-11 09:11:40'),
('25',  'COL',  'Cundinamarca', 'S',  'admin',  '2012-05-11 09:11:40',  'admin',  '2012-05-11 09:11:40'),
('27',  'COL',  'Chocó',  'S',  'admin',  '2012-05-11 09:11:40',  'admin',  '2012-05-11 09:11:40'),
('41',  'COL',  'Huila',  'S',  'admin',  '2012-05-11 09:11:40',  'admin',  '2012-05-11 09:11:40'),
('44',  'COL',  'La Guajira', 'S',  'admin',  '2012-05-11 09:11:40',  'admin',  '2012-05-11 09:11:40'),
('47',  'COL',  'Magdalena',  'S',  'admin',  '2012-05-11 09:11:40',  'admin',  '2012-05-11 09:11:40'),
('50',  'COL',  'Meta', 'S',  'admin',  '2012-05-11 09:11:40',  'admin',  '2012-05-11 09:11:40'),
('52',  'COL',  'Nariño', 'S',  'admin',  '2012-05-11 09:11:40',  'admin',  '2012-05-11 09:11:40'),
('54',  'COL',  'Norte de Santander', 'S',  'admin',  '2012-05-11 09:11:40',  'admin',  '2012-05-11 09:11:40'),
('63',  'COL',  'Quindio',  'S',  'admin',  '2012-05-11 09:11:40',  'admin',  '2012-05-11 09:11:40'),
('66',  'COL',  'Risaralda',  'S',  'admin',  '2012-05-11 09:11:40',  'admin',  '2012-05-11 09:11:40'),
('68',  'COL',  'Santander',  'S',  'admin',  '2012-05-11 09:11:40',  'admin',  '2012-05-11 09:11:40'),
('70',  'COL',  'Sucre',  'S',  'admin',  '2012-05-11 09:11:40',  'admin',  '2012-05-11 09:11:40'),
('73',  'COL',  'Tolima', 'S',  'admin',  '2012-05-11 09:11:40',  'admin',  '2012-05-11 09:11:40'),
('76',  'COL',  'Valle del Cauca',  'S',  'admin',  '2012-05-11 09:11:40',  'admin',  '2012-05-11 09:11:40'),
('81',  'COL',  'Arauca', 'S',  'admin',  '2012-05-11 09:11:40',  'admin',  '2012-05-11 09:11:40'),
('85',  'COL',  'Casanare', 'S',  'admin',  '2012-05-11 09:11:40',  'admin',  '2012-05-11 09:11:40'),
('86',  'COL',  'Putumayo', 'S',  'admin',  '2012-05-11 09:11:40',  'admin',  '2012-05-11 09:11:40'),
('88',  'COL',  'San Andrés y Providencia', 'S',  'admin',  '2012-05-11 09:11:40',  'admin',  '2012-05-11 09:11:40'),
('91',  'COL',  'Amazonas', 'S',  'admin',  '2012-05-11 09:11:40',  'admin',  '2012-05-11 09:11:40'),
('94',  'COL',  'Guainía',  'S',  'admin',  '2012-05-11 09:11:40',  'admin',  '2012-05-11 09:11:40'),
('95',  'COL',  'Guaviare', 'S',  'admin',  '2012-05-11 09:11:40',  'admin',  '2012-05-11 09:11:40'),
('97',  'COL',  'Vaupés', 'S',  'admin',  '2012-05-11 09:11:40',  'admin',  '2012-05-11 09:11:40'),
('99',  'COL',  'Vichada',  'S',  'admin',  '2012-05-11 09:11:40',  'admin',  '2012-05-11 09:11:40');

DROP TABLE IF EXISTS `ubicacion_geografica2`;
CREATE TABLE `ubicacion_geografica2` (
  `ID` varchar(5) NOT NULL,
  `UBICACION_GEOGRAFICA1` varchar(2) NOT NULL,
  `NOMBRE` varchar(64) NOT NULL,
  `ACTIVO` varchar(1) NOT NULL,
  `CREADO_POR` varchar(20) NOT NULL,
  `CREADO_EL` datetime NOT NULL,
  `ACTUALIZADO_POR` varchar(20) NOT NULL,
  `ACTUALIZADO_EL` datetime NOT NULL,
  PRIMARY KEY (`ID`),
  KEY `FK_PERTENECE_A` (`UBICACION_GEOGRAFICA1`),
  CONSTRAINT `FK_PERTENECE_A` FOREIGN KEY (`UBICACION_GEOGRAFICA1`) REFERENCES `ubicacion_geografica1` (`ID`)
) ENGINE=InnoDB DEFAULT CHARSET=latin1 COMMENT='Almacena los municipios de colombia';

INSERT INTO `ubicacion_geografica2` (`ID`, `UBICACION_GEOGRAFICA1`, `NOMBRE`, `ACTIVO`, `CREADO_POR`, `CREADO_EL`, `ACTUALIZADO_POR`, `ACTUALIZADO_EL`) VALUES
('05001', '05', 'Medellín', 'S',  'admin',  '2012-05-11 09:11:40',  'admin',  '2012-05-11 09:11:40'),
('05002', '05', 'Abejorral',  'S',  'admin',  '2012-05-11 09:11:40',  'admin',  '2012-05-11 09:11:40'),
('05004', '05', 'Abriaquí', 'S',  'admin',  '2012-05-11 09:11:40',  'admin',  '2012-05-11 09:11:40'),
('05021', '05', 'Alejandría', 'S',  'admin',  '2012-05-11 09:11:40',  'admin',  '2012-05-11 09:11:40'),
('05030', '05', 'Amagá',  'S',  'admin',  '2012-05-11 09:11:40',  'admin',  '2012-05-11 09:11:40'),
('05031', '05', 'Amalfi', 'S',  'admin',  '2012-05-11 09:11:40',  'admin',  '2012-05-11 09:11:40'),
('05034', '05', 'Andes',  'S',  'admin',  '2012-05-11 09:11:40',  'admin',  '2012-05-11 09:11:40'),
('05036', '05', 'Angelópolis',  'S',  'admin',  '2012-05-11 09:11:40',  'admin',  '2012-05-11 09:11:40'),
('05038', '05', 'Angostura',  'S',  'admin',  '2012-05-11 09:11:40',  'admin',  '2012-05-11 09:11:40'),
('05040', '05', 'Anorí',  'S',  'admin',  '2012-05-11 09:11:40',  'admin',  '2012-05-11 09:11:40'),
('05042', '05', 'Santafé De Antioquia', 'S',  'admin',  '2012-05-11 09:11:40',  'admin',  '2012-05-11 09:11:40'),
('05044', '05', 'Anza', 'S',  'admin',  '2012-05-11 09:11:40',  'admin',  '2012-05-11 09:11:40'),
('05045', '05', 'Apartadó', 'S',  'admin',  '2012-05-11 09:11:40',  'admin',  '2012-05-11 09:11:40'),
('05051', '05', 'Arboletes',  'S',  'admin',  '2012-05-11 09:11:40',  'admin',  '2012-05-11 09:11:40'),
('05055', '05', 'Argelia',  'S',  'admin',  '2012-05-11 09:11:40',  'admin',  '2012-05-11 09:11:40'),
('05059', '05', 'Armenia',  'S',  'admin',  '2012-05-11 09:11:40',  'admin',  '2012-05-11 09:11:40'),
('05079', '05', 'Barbosa',  'S',  'admin',  '2012-05-11 09:11:40',  'admin',  '2012-05-11 09:11:40'),
('05086', '05', 'Belmira',  'S',  'admin',  '2012-05-11 09:11:40',  'admin',  '2012-05-11 09:11:40'),
('05088', '05', 'Bello',  'S',  'admin',  '2012-05-11 09:11:40',  'admin',  '2012-05-11 09:11:40'),
('05091', '05', 'Betania',  'S',  'admin',  '2012-05-11 09:11:40',  'admin',  '2012-05-11 09:11:40'),
('05093', '05', 'Betulia',  'S',  'admin',  '2012-05-11 09:11:40',  'admin',  '2012-05-11 09:11:40'),
('05101', '05', 'Ciudad Bolívar', 'S',  'admin',  '2012-05-11 09:11:40',  'admin',  '2012-05-11 09:11:40'),
('05107', '05', 'Briceño',  'S',  'admin',  '2012-05-11 09:11:40',  'admin',  '2012-05-11 09:11:40'),
('05113', '05', 'Buriticá', 'S',  'admin',  '2012-05-11 09:11:40',  'admin',  '2012-05-11 09:11:40'),
('05120', '05', 'Cáceres',  'S',  'admin',  '2012-05-11 09:11:40',  'admin',  '2012-05-11 09:11:40'),
('05125', '05', 'Caicedo',  'S',  'admin',  '2012-05-11 09:11:40',  'admin',  '2012-05-11 09:11:40'),
('05129', '05', 'Caldas', 'S',  'admin',  '2012-05-11 09:11:40',  'admin',  '2012-05-11 09:11:40'),
('05134', '05', 'Campamento', 'S',  'admin',  '2012-05-11 09:11:40',  'admin',  '2012-05-11 09:11:40'),
('05138', '05', 'Cañasgordas',  'S',  'admin',  '2012-05-11 09:11:40',  'admin',  '2012-05-11 09:11:40'),
('05142', '05', 'Caracolí', 'S',  'admin',  '2012-05-11 09:11:40',  'admin',  '2012-05-11 09:11:40'),
('05145', '05', 'Caramanta',  'S',  'admin',  '2012-05-11 09:11:40',  'admin',  '2012-05-11 09:11:40'),
('05147', '05', 'Carepa', 'S',  'admin',  '2012-05-11 09:11:40',  'admin',  '2012-05-11 09:11:40'),
('05148', '05', 'El Carmen De Viboral', 'S',  'admin',  '2012-05-11 09:11:40',  'admin',  '2012-05-11 09:11:40'),
('05150', '05', 'Carolina', 'S',  'admin',  '2012-05-11 09:11:40',  'admin',  '2012-05-11 09:11:40'),
('05154', '05', 'Caucasia', 'S',  'admin',  '2012-05-11 09:11:40',  'admin',  '2012-05-11 09:11:40'),
('05172', '05', 'Chigorodó',  'S',  'admin',  '2012-05-11 09:11:40',  'admin',  '2012-05-11 09:11:40'),
('05190', '05', 'Cisneros', 'S',  'admin',  '2012-05-11 09:11:40',  'admin',  '2012-05-11 09:11:40'),
('05197', '05', 'Cocorná',  'S',  'admin',  '2012-05-11 09:11:40',  'admin',  '2012-05-11 09:11:40'),
('05206', '05', 'Concepción', 'S',  'admin',  '2012-05-11 09:11:40',  'admin',  '2012-05-11 09:11:40'),
('05209', '05', 'Concordia',  'S',  'admin',  '2012-05-11 09:11:40',  'admin',  '2012-05-11 09:11:40'),
('05212', '05', 'Copacabana', 'S',  'admin',  '2012-05-11 09:11:40',  'admin',  '2012-05-11 09:11:40'),
('05234', '05', 'Dabeiba',  'S',  'admin',  '2012-05-11 09:11:40',  'admin',  '2012-05-11 09:11:40'),
('05237', '05', 'Don Matías', 'S',  'admin',  '2012-05-11 09:11:40',  'admin',  '2012-05-11 09:11:40'),
('05240', '05', 'Ebéjico',  'S',  'admin',  '2012-05-11 09:11:40',  'admin',  '2012-05-11 09:11:40'),
('05250', '05', 'El Bagre', 'S',  'admin',  '2012-05-11 09:11:40',  'admin',  '2012-05-11 09:11:40'),
('05264', '05', 'Entrerrios', 'S',  'admin',  '2012-05-11 09:11:40',  'admin',  '2012-05-11 09:11:40'),
('05266', '05', 'Envigado', 'S',  'admin',  '2012-05-11 09:11:40',  'admin',  '2012-05-11 09:11:40'),
('05282', '05', 'Fredonia', 'S',  'admin',  '2012-05-11 09:11:40',  'admin',  '2012-05-11 09:11:40'),
('05284', '05', 'Frontino', 'S',  'admin',  '2012-05-11 09:11:40',  'admin',  '2012-05-11 09:11:40'),
('05306', '05', 'Giraldo',  'S',  'admin',  '2012-05-11 09:11:40',  'admin',  '2012-05-11 09:11:40'),
('05308', '05', 'Girardota',  'S',  'admin',  '2012-05-11 09:11:40',  'admin',  '2012-05-11 09:11:40'),
('05310', '05', 'Gómez Plata',  'S',  'admin',  '2012-05-11 09:11:40',  'admin',  '2012-05-11 09:11:40'),
('05313', '05', 'Granada',  'S',  'admin',  '2012-05-11 09:11:40',  'admin',  '2012-05-11 09:11:40'),
('05315', '05', 'Guadalupe',  'S',  'admin',  '2012-05-11 09:11:40',  'admin',  '2012-05-11 09:11:40'),
('05318', '05', 'Guarne', 'S',  'admin',  '2012-05-11 09:11:40',  'admin',  '2012-05-11 09:11:40'),
('05321', '05', 'Guatape',  'S',  'admin',  '2012-05-11 09:11:40',  'admin',  '2012-05-11 09:11:40'),
('05347', '05', 'Heliconia',  'S',  'admin',  '2012-05-11 09:11:40',  'admin',  '2012-05-11 09:11:40'),
('05353', '05', 'Hispania', 'S',  'admin',  '2012-05-11 09:11:40',  'admin',  '2012-05-11 09:11:40'),
('05360', '05', 'Itagui', 'S',  'admin',  '2012-05-11 09:11:40',  'admin',  '2012-05-11 09:11:40'),
('05361', '05', 'Ituango',  'S',  'admin',  '2012-05-11 09:11:40',  'admin',  '2012-05-11 09:11:40'),
('05364', '05', 'Jardín', 'S',  'admin',  '2012-05-11 09:11:40',  'admin',  '2012-05-11 09:11:40'),
('05368', '05', 'Jericó', 'S',  'admin',  '2012-05-11 09:11:40',  'admin',  '2012-05-11 09:11:40'),
('05376', '05', 'La Ceja',  'S',  'admin',  '2012-05-11 09:11:40',  'admin',  '2012-05-11 09:11:40'),
('05380', '05', 'La Estrella',  'S',  'admin',  '2012-05-11 09:11:40',  'admin',  '2012-05-11 09:11:40'),
('05390', '05', 'La Pintada', 'S',  'admin',  '2012-05-11 09:11:40',  'admin',  '2012-05-11 09:11:40'),
('05400', '05', 'La Unión', 'S',  'admin',  '2012-05-11 09:11:40',  'admin',  '2012-05-11 09:11:40'),
('05411', '05', 'Liborina', 'S',  'admin',  '2012-05-11 09:11:40',  'admin',  '2012-05-11 09:11:40'),
('05425', '05', 'Maceo',  'S',  'admin',  '2012-05-11 09:11:40',  'admin',  '2012-05-11 09:11:40'),
('05440', '05', 'Marinilla',  'S',  'admin',  '2012-05-11 09:11:40',  'admin',  '2012-05-11 09:11:40'),
('05467', '05', 'Montebello', 'S',  'admin',  '2012-05-11 09:11:40',  'admin',  '2012-05-11 09:11:40'),
('05475', '05', 'Murindó',  'S',  'admin',  '2012-05-11 09:11:40',  'admin',  '2012-05-11 09:11:40'),
('05480', '05', 'Mutatá', 'S',  'admin',  '2012-05-11 09:11:40',  'admin',  '2012-05-11 09:11:40'),
('05483', '05', 'Nariño', 'S',  'admin',  '2012-05-11 09:11:40',  'admin',  '2012-05-11 09:11:40'),
('05490', '05', 'Necoclí',  'S',  'admin',  '2012-05-11 09:11:40',  'admin',  '2012-05-11 09:11:40'),
('05495', '05', 'Nechí',  'S',  'admin',  '2012-05-11 09:11:40',  'admin',  '2012-05-11 09:11:40'),
('05501', '05', 'Olaya',  'S',  'admin',  '2012-05-11 09:11:40',  'admin',  '2012-05-11 09:11:40'),
('05541', '05', 'Peñol',  'S',  'admin',  '2012-05-11 09:11:40',  'admin',  '2012-05-11 09:11:40'),
('05543', '05', 'Peque',  'S',  'admin',  '2012-05-11 09:11:40',  'admin',  '2012-05-11 09:11:40'),
('05576', '05', 'Pueblorrico',  'S',  'admin',  '2012-05-11 09:11:40',  'admin',  '2012-05-11 09:11:40'),
('05579', '05', 'Puerto Berrío',  'S',  'admin',  '2012-05-11 09:11:40',  'admin',  '2012-05-11 09:11:40'),
('05585', '05', 'Puerto Nare',  'S',  'admin',  '2012-05-11 09:11:40',  'admin',  '2012-05-11 09:11:40'),
('05591', '05', 'Puerto Triunfo', 'S',  'admin',  '2012-05-11 09:11:40',  'admin',  '2012-05-11 09:11:40'),
('05604', '05', 'Remedios', 'S',  'admin',  '2012-05-11 09:11:40',  'admin',  '2012-05-11 09:11:40'),
('05607', '05', 'Retiro', 'S',  'admin',  '2012-05-11 09:11:40',  'admin',  '2012-05-11 09:11:40'),
('05615', '05', 'Rionegro', 'S',  'admin',  '2012-05-11 09:11:40',  'admin',  '2012-05-11 09:11:40'),
('05628', '05', 'Sabanalarga',  'S',  'admin',  '2012-05-11 09:11:40',  'admin',  '2012-05-11 09:11:40'),
('05631', '05', 'Sabaneta', 'S',  'admin',  '2012-05-11 09:11:40',  'admin',  '2012-05-11 09:11:40'),
('05642', '05', 'Salgar', 'S',  'admin',  '2012-05-11 09:11:40',  'admin',  '2012-05-11 09:11:40'),
('05647', '05', 'San Andrés', 'S',  'admin',  '2012-05-11 09:11:40',  'admin',  '2012-05-11 09:11:40'),
('05649', '05', 'San Carlos', 'S',  'admin',  '2012-05-11 09:11:40',  'admin',  '2012-05-11 09:11:40'),
('05652', '05', 'San Francisco',  'S',  'admin',  '2012-05-11 09:11:40',  'admin',  '2012-05-11 09:11:40'),
('05656', '05', 'San Jerónimo', 'S',  'admin',  '2012-05-11 09:11:40',  'admin',  '2012-05-11 09:11:40'),
('05658', '05', 'San José De La Montaña', 'S',  'admin',  '2012-05-11 09:11:40',  'admin',  '2012-05-11 09:11:40'),
('05659', '05', 'San Juan De Urabá',  'S',  'admin',  '2012-05-11 09:11:40',  'admin',  '2012-05-11 09:11:40'),
('05660', '05', 'San Luis', 'S',  'admin',  '2012-05-11 09:11:40',  'admin',  '2012-05-11 09:11:40'),
('05664', '05', 'San Pedro',  'S',  'admin',  '2012-05-11 09:11:40',  'admin',  '2012-05-11 09:11:40'),
('05665', '05', 'San Pedro De Uraba', 'S',  'admin',  '2012-05-11 09:11:40',  'admin',  '2012-05-11 09:11:40'),
('05667', '05', 'San Rafael', 'S',  'admin',  '2012-05-11 09:11:40',  'admin',  '2012-05-11 09:11:40'),
('05670', '05', 'San Roque',  'S',  'admin',  '2012-05-11 09:11:40',  'admin',  '2012-05-11 09:11:40'),
('05674', '05', 'San Vicente',  'S',  'admin',  '2012-05-11 09:11:40',  'admin',  '2012-05-11 09:11:40'),
('05679', '05', 'Santa Bárbara',  'S',  'admin',  '2012-05-11 09:11:40',  'admin',  '2012-05-11 09:11:40'),
('05686', '05', 'Santa Rosa De Osos', 'S',  'admin',  '2012-05-11 09:11:40',  'admin',  '2012-05-11 09:11:40'),
('05690', '05', 'Santo Domingo',  'S',  'admin',  '2012-05-11 09:11:40',  'admin',  '2012-05-11 09:11:40'),
('05697', '05', 'El Santuario', 'S',  'admin',  '2012-05-11 09:11:40',  'admin',  '2012-05-11 09:11:40'),
('05736', '05', 'Segovia',  'S',  'admin',  '2012-05-11 09:11:40',  'admin',  '2012-05-11 09:11:40'),
('05756', '05', 'Sonson', 'S',  'admin',  '2012-05-11 09:11:40',  'admin',  '2012-05-11 09:11:40'),
('05761', '05', 'Sopetrán', 'S',  'admin',  '2012-05-11 09:11:40',  'admin',  '2012-05-11 09:11:40'),
('05789', '05', 'Támesis',  'S',  'admin',  '2012-05-11 09:11:40',  'admin',  '2012-05-11 09:11:40'),
('05790', '05', 'Tarazá', 'S',  'admin',  '2012-05-11 09:11:40',  'admin',  '2012-05-11 09:11:40'),
('05792', '05', 'Tarso',  'S',  'admin',  '2012-05-11 09:11:40',  'admin',  '2012-05-11 09:11:40'),
('05809', '05', 'Titiribí', 'S',  'admin',  '2012-05-11 09:11:40',  'admin',  '2012-05-11 09:11:40'),
('05819', '05', 'Toledo', 'S',  'admin',  '2012-05-11 09:11:40',  'admin',  '2012-05-11 09:11:40'),
('05837', '05', 'Turbo',  'S',  'admin',  '2012-05-11 09:11:40',  'admin',  '2012-05-11 09:11:40'),
('05842', '05', 'Uramita',  'S',  'admin',  '2012-05-11 09:11:40',  'admin',  '2012-05-11 09:11:40'),
('05847', '05', 'Urrao',  'S',  'admin',  '2012-05-11 09:11:40',  'admin',  '2012-05-11 09:11:40'),
('05854', '05', 'Valdivia', 'S',  'admin',  '2012-05-11 09:11:40',  'admin',  '2012-05-11 09:11:40'),
('05856', '05', 'Valparaíso', 'S',  'admin',  '2012-05-11 09:11:40',  'admin',  '2012-05-11 09:11:40'),
('05858', '05', 'Vegachí',  'S',  'admin',  '2012-05-11 09:11:40',  'admin',  '2012-05-11 09:11:40'),
('05861', '05', 'Venecia',  'S',  'admin',  '2012-05-11 09:11:40',  'admin',  '2012-05-11 09:11:40'),
('05873', '05', 'Vigía Del Fuerte', 'S',  'admin',  '2012-05-11 09:11:40',  'admin',  '2012-05-11 09:11:40'),
('05885', '05', 'Yalí', 'S',  'admin',  '2012-05-11 09:11:40',  'admin',  '2012-05-11 09:11:40'),
('05887', '05', 'Yarumal',  'S',  'admin',  '2012-05-11 09:11:40',  'admin',  '2012-05-11 09:11:40'),
('05890', '05', 'Yolombó',  'S',  'admin',  '2012-05-11 09:11:40',  'admin',  '2012-05-11 09:11:40'),
('05893', '05', 'Yondó',  'S',  'admin',  '2012-05-11 09:11:40',  'admin',  '2012-05-11 09:11:40'),
('05895', '05', 'Zaragoza', 'S',  'admin',  '2012-05-11 09:11:40',  'admin',  '2012-05-11 09:11:40'),
('08001', '08', 'Barranquilla', 'S',  'admin',  '2012-05-11 09:11:40',  'admin',  '2012-05-11 09:11:40'),
('08078', '08', 'Baranoa',  'S',  'admin',  '2012-05-11 09:11:40',  'admin',  '2012-05-11 09:11:40'),
('08137', '08', 'Campo De La Cruz', 'S',  'admin',  '2012-05-11 09:11:40',  'admin',  '2012-05-11 09:11:40'),
('08141', '08', 'Candelaria', 'S',  'admin',  '2012-05-11 09:11:40',  'admin',  '2012-05-11 09:11:40'),
('08296', '08', 'Galapa', 'S',  'admin',  '2012-05-11 09:11:40',  'admin',  '2012-05-11 09:11:40'),
('08372', '08', 'Juan De Acosta', 'S',  'admin',  '2012-05-11 09:11:40',  'admin',  '2012-05-11 09:11:40'),
('08421', '08', 'Luruaco',  'S',  'admin',  '2012-05-11 09:11:40',  'admin',  '2012-05-11 09:11:40'),
('08433', '08', 'Malambo',  'S',  'admin',  '2012-05-11 09:11:40',  'admin',  '2012-05-11 09:11:40'),
('08436', '08', 'Manatí', 'S',  'admin',  '2012-05-11 09:11:40',  'admin',  '2012-05-11 09:11:40'),
('08520', '08', 'Palmar De Varela', 'S',  'admin',  '2012-05-11 09:11:40',  'admin',  '2012-05-11 09:11:40'),
('08549', '08', 'Piojó',  'S',  'admin',  '2012-05-11 09:11:40',  'admin',  '2012-05-11 09:11:40'),
('08558', '08', 'Polonuevo',  'S',  'admin',  '2012-05-11 09:11:40',  'admin',  '2012-05-11 09:11:40'),
('08560', '08', 'Ponedera', 'S',  'admin',  '2012-05-11 09:11:40',  'admin',  '2012-05-11 09:11:40'),
('08573', '08', 'Puerto Colombia',  'S',  'admin',  '2012-05-11 09:11:40',  'admin',  '2012-05-11 09:11:40'),
('08606', '08', 'Repelón',  'S',  'admin',  '2012-05-11 09:11:40',  'admin',  '2012-05-11 09:11:40'),
('08634', '08', 'Sabanagrande', 'S',  'admin',  '2012-05-11 09:11:40',  'admin',  '2012-05-11 09:11:40'),
('08638', '08', 'Sabanalarga',  'S',  'admin',  '2012-05-11 09:11:40',  'admin',  '2012-05-11 09:11:40'),
('08675', '08', 'Santa Lucía',  'S',  'admin',  '2012-05-11 09:11:40',  'admin',  '2012-05-11 09:11:40'),
('08685', '08', 'Santo Tomás',  'S',  'admin',  '2012-05-11 09:11:40',  'admin',  '2012-05-11 09:11:40'),
('08758', '08', 'Soledad',  'S',  'admin',  '2012-05-11 09:11:40',  'admin',  '2012-05-11 09:11:40'),
('08770', '08', 'Suan', 'S',  'admin',  '2012-05-11 09:11:40',  'admin',  '2012-05-11 09:11:40'),
('08832', '08', 'Tubará', 'S',  'admin',  '2012-05-11 09:11:40',  'admin',  '2012-05-11 09:11:40'),
('08849', '08', 'Usiacurí', 'S',  'admin',  '2012-05-11 09:11:40',  'admin',  '2012-05-11 09:11:40'),
('11001', '11', 'Bogotá', 'S',  'admin',  '2012-05-11 09:11:40',  'admin',  '2012-05-11 09:11:40'),
('13001', '13', 'Cartagena',  'S',  'admin',  '2012-05-11 09:11:40',  'admin',  '2012-05-11 09:11:40'),
('13006', '13', 'Achí', 'S',  'admin',  '2012-05-11 09:11:40',  'admin',  '2012-05-11 09:11:40'),
('13030', '13', 'Altos Del Rosario',  'S',  'admin',  '2012-05-11 09:11:40',  'admin',  '2012-05-11 09:11:40'),
('13042', '13', 'Arenal', 'S',  'admin',  '2012-05-11 09:11:40',  'admin',  '2012-05-11 09:11:40'),
('13052', '13', 'Arjona', 'S',  'admin',  '2012-05-11 09:11:40',  'admin',  '2012-05-11 09:11:40'),
('13062', '13', 'Arroyohondo',  'S',  'admin',  '2012-05-11 09:11:40',  'admin',  '2012-05-11 09:11:40'),
('13074', '13', 'Barranco De Loba', 'S',  'admin',  '2012-05-11 09:11:40',  'admin',  '2012-05-11 09:11:40'),
('13140', '13', 'Calamar',  'S',  'admin',  '2012-05-11 09:11:40',  'admin',  '2012-05-11 09:11:40'),
('13160', '13', 'Cantagallo', 'S',  'admin',  '2012-05-11 09:11:40',  'admin',  '2012-05-11 09:11:40'),
('13188', '13', 'Cicuco', 'S',  'admin',  '2012-05-11 09:11:40',  'admin',  '2012-05-11 09:11:40'),
('13212', '13', 'Córdoba',  'S',  'admin',  '2012-05-11 09:11:40',  'admin',  '2012-05-11 09:11:40'),
('13222', '13', 'Clemencia',  'S',  'admin',  '2012-05-11 09:11:40',  'admin',  '2012-05-11 09:11:40'),
('13244', '13', 'El Carmen De Bolívar', 'S',  'admin',  '2012-05-11 09:11:40',  'admin',  '2012-05-11 09:11:40'),
('13248', '13', 'El Guamo', 'S',  'admin',  '2012-05-11 09:11:40',  'admin',  '2012-05-11 09:11:40'),
('13268', '13', 'El Peñón', 'S',  'admin',  '2012-05-11 09:11:40',  'admin',  '2012-05-11 09:11:40'),
('13300', '13', 'Hatillo De Loba',  'S',  'admin',  '2012-05-11 09:11:40',  'admin',  '2012-05-11 09:11:40'),
('13430', '13', 'Magangué', 'S',  'admin',  '2012-05-11 09:11:40',  'admin',  '2012-05-11 09:11:40'),
('13433', '13', 'Mahates',  'S',  'admin',  '2012-05-11 09:11:40',  'admin',  '2012-05-11 09:11:40'),
('13440', '13', 'Margarita',  'S',  'admin',  '2012-05-11 09:11:40',  'admin',  '2012-05-11 09:11:40'),
('13442', '13', 'María La Baja',  'S',  'admin',  '2012-05-11 09:11:40',  'admin',  '2012-05-11 09:11:40'),
('13458', '13', 'Montecristo',  'S',  'admin',  '2012-05-11 09:11:40',  'admin',  '2012-05-11 09:11:40'),
('13468', '13', 'Mompós', 'S',  'admin',  '2012-05-11 09:11:40',  'admin',  '2012-05-11 09:11:40'),
('13473', '13', 'Morales',  'S',  'admin',  '2012-05-11 09:11:40',  'admin',  '2012-05-11 09:11:40'),
('13549', '13', 'Pinillos', 'S',  'admin',  '2012-05-11 09:11:40',  'admin',  '2012-05-11 09:11:40'),
('13580', '13', 'Regidor',  'S',  'admin',  '2012-05-11 09:11:40',  'admin',  '2012-05-11 09:11:40'),
('13600', '13', 'Río Viejo',  'S',  'admin',  '2012-05-11 09:11:40',  'admin',  '2012-05-11 09:11:40'),
('13620', '13', 'San Cristóbal',  'S',  'admin',  '2012-05-11 09:11:40',  'admin',  '2012-05-11 09:11:40'),
('13647', '13', 'San Estanislao', 'S',  'admin',  '2012-05-11 09:11:40',  'admin',  '2012-05-11 09:11:40'),
('13650', '13', 'San Fernando', 'S',  'admin',  '2012-05-11 09:11:40',  'admin',  '2012-05-11 09:11:40'),
('13654', '13', 'San Jacinto',  'S',  'admin',  '2012-05-11 09:11:40',  'admin',  '2012-05-11 09:11:40'),
('13655', '13', 'San Jacinto Del Cauca',  'S',  'admin',  '2012-05-11 09:11:40',  'admin',  '2012-05-11 09:11:40'),
('13657', '13', 'San Juan Nepomuceno',  'S',  'admin',  '2012-05-11 09:11:40',  'admin',  '2012-05-11 09:11:40'),
('13667', '13', 'San Martín De Loba', 'S',  'admin',  '2012-05-11 09:11:40',  'admin',  '2012-05-11 09:11:40'),
('13670', '13', 'San Pablo',  'S',  'admin',  '2012-05-11 09:11:40',  'admin',  '2012-05-11 09:11:40'),
('13673', '13', 'Santa Catalina', 'S',  'admin',  '2012-05-11 09:11:40',  'admin',  '2012-05-11 09:11:40'),
('13683', '13', 'Santa Rosa', 'S',  'admin',  '2012-05-11 09:11:40',  'admin',  '2012-05-11 09:11:40'),
('13688', '13', 'Santa Rosa Del Sur', 'S',  'admin',  '2012-05-11 09:11:40',  'admin',  '2012-05-11 09:11:40'),
('13744', '13', 'Simití', 'S',  'admin',  '2012-05-11 09:11:40',  'admin',  '2012-05-11 09:11:40'),
('13760', '13', 'Soplaviento',  'S',  'admin',  '2012-05-11 09:11:40',  'admin',  '2012-05-11 09:11:40'),
('13780', '13', 'Talaigua Nuevo', 'S',  'admin',  '2012-05-11 09:11:40',  'admin',  '2012-05-11 09:11:40'),
('13810', '13', 'Tiquisio', 'S',  'admin',  '2012-05-11 09:11:40',  'admin',  '2012-05-11 09:11:40'),
('13836', '13', 'Turbaco',  'S',  'admin',  '2012-05-11 09:11:40',  'admin',  '2012-05-11 09:11:40'),
('13838', '13', 'Turbaná',  'S',  'admin',  '2012-05-11 09:11:40',  'admin',  '2012-05-11 09:11:40'),
('13873', '13', 'Villanueva', 'S',  'admin',  '2012-05-11 09:11:40',  'admin',  '2012-05-11 09:11:40'),
('13894', '13', 'Zambrano', 'S',  'admin',  '2012-05-11 09:11:40',  'admin',  '2012-05-11 09:11:40'),
('15001', '15', 'Tunja',  'S',  'admin',  '2012-05-11 09:11:40',  'admin',  '2012-05-11 09:11:40'),
('15022', '15', 'Almeida',  'S',  'admin',  '2012-05-11 09:11:40',  'admin',  '2012-05-11 09:11:40'),
('15047', '15', 'Aquitania',  'S',  'admin',  '2012-05-11 09:11:40',  'admin',  '2012-05-11 09:11:40'),
('15051', '15', 'Arcabuco', 'S',  'admin',  '2012-05-11 09:11:40',  'admin',  '2012-05-11 09:11:40'),
('15087', '15', 'Belén',  'S',  'admin',  '2012-05-11 09:11:40',  'admin',  '2012-05-11 09:11:40'),
('15090', '15', 'Berbeo', 'S',  'admin',  '2012-05-11 09:11:40',  'admin',  '2012-05-11 09:11:40'),
('15092', '15', 'Betéitiva',  'S',  'admin',  '2012-05-11 09:11:40',  'admin',  '2012-05-11 09:11:40'),
('15097', '15', 'Boavita',  'S',  'admin',  '2012-05-11 09:11:40',  'admin',  '2012-05-11 09:11:40'),
('15104', '15', 'Boyacá', 'S',  'admin',  '2012-05-11 09:11:40',  'admin',  '2012-05-11 09:11:40'),
('15106', '15', 'Briceño',  'S',  'admin',  '2012-05-11 09:11:40',  'admin',  '2012-05-11 09:11:40'),
('15109', '15', 'Buenavista', 'S',  'admin',  '2012-05-11 09:11:40',  'admin',  '2012-05-11 09:11:40'),
('15114', '15', 'Busbanzá', 'S',  'admin',  '2012-05-11 09:11:40',  'admin',  '2012-05-11 09:11:40'),
('15131', '15', 'Caldas', 'S',  'admin',  '2012-05-11 09:11:40',  'admin',  '2012-05-11 09:11:40'),
('15135', '15', 'Campohermoso', 'S',  'admin',  '2012-05-11 09:11:40',  'admin',  '2012-05-11 09:11:40'),
('15162', '15', 'Cerinza',  'S',  'admin',  '2012-05-11 09:11:40',  'admin',  '2012-05-11 09:11:40'),
('15172', '15', 'Chinavita',  'S',  'admin',  '2012-05-11 09:11:40',  'admin',  '2012-05-11 09:11:40'),
('15176', '15', 'Chiquinquirá', 'S',  'admin',  '2012-05-11 09:11:40',  'admin',  '2012-05-11 09:11:40'),
('15180', '15', 'Chiscas',  'S',  'admin',  '2012-05-11 09:11:40',  'admin',  '2012-05-11 09:11:40'),
('15183', '15', 'Chita',  'S',  'admin',  '2012-05-11 09:11:40',  'admin',  '2012-05-11 09:11:40'),
('15185', '15', 'Chitaraque', 'S',  'admin',  '2012-05-11 09:11:40',  'admin',  '2012-05-11 09:11:40'),
('15187', '15', 'Chivatá',  'S',  'admin',  '2012-05-11 09:11:40',  'admin',  '2012-05-11 09:11:40'),
('15189', '15', 'Ciénega',  'S',  'admin',  '2012-05-11 09:11:40',  'admin',  '2012-05-11 09:11:40'),
('15204', '15', 'Cómbita',  'S',  'admin',  '2012-05-11 09:11:40',  'admin',  '2012-05-11 09:11:40'),
('15212', '15', 'Coper',  'S',  'admin',  '2012-05-11 09:11:40',  'admin',  '2012-05-11 09:11:40'),
('15215', '15', 'Corrales', 'S',  'admin',  '2012-05-11 09:11:40',  'admin',  '2012-05-11 09:11:40'),
('15218', '15', 'Covarachía', 'S',  'admin',  '2012-05-11 09:11:40',  'admin',  '2012-05-11 09:11:40'),
('15223', '15', 'Cubará', 'S',  'admin',  '2012-05-11 09:11:40',  'admin',  '2012-05-11 09:11:40'),
('15224', '15', 'Cucaita',  'S',  'admin',  '2012-05-11 09:11:40',  'admin',  '2012-05-11 09:11:40'),
('15226', '15', 'Cuítiva',  'S',  'admin',  '2012-05-11 09:11:40',  'admin',  '2012-05-11 09:11:40'),
('15232', '15', 'Chíquiza', 'S',  'admin',  '2012-05-11 09:11:40',  'admin',  '2012-05-11 09:11:40'),
('15236', '15', 'Chivor', 'S',  'admin',  '2012-05-11 09:11:40',  'admin',  '2012-05-11 09:11:40'),
('15238', '15', 'Duitama',  'S',  'admin',  '2012-05-11 09:11:40',  'admin',  '2012-05-11 09:11:40'),
('15244', '15', 'El Cocuy', 'S',  'admin',  '2012-05-11 09:11:40',  'admin',  '2012-05-11 09:11:40'),
('15248', '15', 'El Espino',  'S',  'admin',  '2012-05-11 09:11:40',  'admin',  '2012-05-11 09:11:40'),
('15272', '15', 'Firavitoba', 'S',  'admin',  '2012-05-11 09:11:40',  'admin',  '2012-05-11 09:11:40'),
('15276', '15', 'Floresta', 'S',  'admin',  '2012-05-11 09:11:40',  'admin',  '2012-05-11 09:11:40'),
('15293', '15', 'Gachantivá', 'S',  'admin',  '2012-05-11 09:11:40',  'admin',  '2012-05-11 09:11:40'),
('15296', '15', 'Gameza', 'S',  'admin',  '2012-05-11 09:11:40',  'admin',  '2012-05-11 09:11:40'),
('15299', '15', 'Garagoa',  'S',  'admin',  '2012-05-11 09:11:40',  'admin',  '2012-05-11 09:11:40'),
('15317', '15', 'Guacamayas', 'S',  'admin',  '2012-05-11 09:11:40',  'admin',  '2012-05-11 09:11:40'),
('15322', '15', 'Guateque', 'S',  'admin',  '2012-05-11 09:11:40',  'admin',  '2012-05-11 09:11:40'),
('15325', '15', 'Guayatá',  'S',  'admin',  '2012-05-11 09:11:40',  'admin',  '2012-05-11 09:11:40'),
('15332', '15', 'Güicán', 'S',  'admin',  '2012-05-11 09:11:40',  'admin',  '2012-05-11 09:11:40'),
('15362', '15', 'Iza',  'S',  'admin',  '2012-05-11 09:11:40',  'admin',  '2012-05-11 09:11:40'),
('15367', '15', 'Jenesano', 'S',  'admin',  '2012-05-11 09:11:40',  'admin',  '2012-05-11 09:11:40'),
('15368', '15', 'Jericó', 'S',  'admin',  '2012-05-11 09:11:40',  'admin',  '2012-05-11 09:11:40'),
('15377', '15', 'Labranzagrande', 'S',  'admin',  '2012-05-11 09:11:40',  'admin',  '2012-05-11 09:11:40'),
('15380', '15', 'La Capilla', 'S',  'admin',  '2012-05-11 09:11:40',  'admin',  '2012-05-11 09:11:40'),
('15401', '15', 'La Victoria',  'S',  'admin',  '2012-05-11 09:11:40',  'admin',  '2012-05-11 09:11:40'),
('15403', '15', 'La Uvita', 'S',  'admin',  '2012-05-11 09:11:40',  'admin',  '2012-05-11 09:11:40'),
('15407', '15', 'Villa De Leyva', 'S',  'admin',  '2012-05-11 09:11:40',  'admin',  '2012-05-11 09:11:40'),
('15425', '15', 'Macanal',  'S',  'admin',  '2012-05-11 09:11:40',  'admin',  '2012-05-11 09:11:40'),
('15442', '15', 'Maripí', 'S',  'admin',  '2012-05-11 09:11:40',  'admin',  '2012-05-11 09:11:40'),
('15455', '15', 'Miraflores', 'S',  'admin',  '2012-05-11 09:11:40',  'admin',  '2012-05-11 09:11:40'),
('15464', '15', 'Mongua', 'S',  'admin',  '2012-05-11 09:11:40',  'admin',  '2012-05-11 09:11:40'),
('15466', '15', 'Monguí', 'S',  'admin',  '2012-05-11 09:11:40',  'admin',  '2012-05-11 09:11:40'),
('15469', '15', 'Moniquirá',  'S',  'admin',  '2012-05-11 09:11:40',  'admin',  '2012-05-11 09:11:40'),
('15476', '15', 'Motavita', 'S',  'admin',  '2012-05-11 09:11:40',  'admin',  '2012-05-11 09:11:40'),
('15480', '15', 'Muzo', 'S',  'admin',  '2012-05-11 09:11:40',  'admin',  '2012-05-11 09:11:40'),
('15491', '15', 'Nobsa',  'S',  'admin',  '2012-05-11 09:11:40',  'admin',  '2012-05-11 09:11:40'),
('15494', '15', 'Nuevo Colón',  'S',  'admin',  '2012-05-11 09:11:40',  'admin',  '2012-05-11 09:11:40'),
('15500', '15', 'Oicatá', 'S',  'admin',  '2012-05-11 09:11:40',  'admin',  '2012-05-11 09:11:40'),
('15507', '15', 'Otanche',  'S',  'admin',  '2012-05-11 09:11:40',  'admin',  '2012-05-11 09:11:40'),
('15511', '15', 'Pachavita',  'S',  'admin',  '2012-05-11 09:11:40',  'admin',  '2012-05-11 09:11:40'),
('15514', '15', 'Páez', 'S',  'admin',  '2012-05-11 09:11:40',  'admin',  '2012-05-11 09:11:40'),
('15516', '15', 'Paipa',  'S',  'admin',  '2012-05-11 09:11:40',  'admin',  '2012-05-11 09:11:40'),
('15518', '15', 'Pajarito', 'S',  'admin',  '2012-05-11 09:11:40',  'admin',  '2012-05-11 09:11:40'),
('15522', '15', 'Panqueba', 'S',  'admin',  '2012-05-11 09:11:40',  'admin',  '2012-05-11 09:11:40'),
('15531', '15', 'Pauna',  'S',  'admin',  '2012-05-11 09:11:40',  'admin',  '2012-05-11 09:11:40'),
('15533', '15', 'Paya', 'S',  'admin',  '2012-05-11 09:11:40',  'admin',  '2012-05-11 09:11:40'),
('15537', '15', 'Paz De Río', 'S',  'admin',  '2012-05-11 09:11:40',  'admin',  '2012-05-11 09:11:40'),
('15542', '15', 'Pesca',  'S',  'admin',  '2012-05-11 09:11:40',  'admin',  '2012-05-11 09:11:40'),
('15550', '15', 'Pisba',  'S',  'admin',  '2012-05-11 09:11:40',  'admin',  '2012-05-11 09:11:40'),
('15572', '15', 'Puerto Boyacá',  'S',  'admin',  '2012-05-11 09:11:40',  'admin',  '2012-05-11 09:11:40'),
('15580', '15', 'Quípama',  'S',  'admin',  '2012-05-11 09:11:40',  'admin',  '2012-05-11 09:11:40'),
('15599', '15', 'Ramiriquí',  'S',  'admin',  '2012-05-11 09:11:40',  'admin',  '2012-05-11 09:11:40'),
('15600', '15', 'Ráquira',  'S',  'admin',  '2012-05-11 09:11:40',  'admin',  '2012-05-11 09:11:40'),
('15621', '15', 'Rondón', 'S',  'admin',  '2012-05-11 09:11:40',  'admin',  '2012-05-11 09:11:40'),
('15632', '15', 'Saboyá', 'S',  'admin',  '2012-05-11 09:11:40',  'admin',  '2012-05-11 09:11:40'),
('15638', '15', 'Sáchica',  'S',  'admin',  '2012-05-11 09:11:40',  'admin',  '2012-05-11 09:11:40'),
('15646', '15', 'Samacá', 'S',  'admin',  '2012-05-11 09:11:40',  'admin',  '2012-05-11 09:11:40'),
('15660', '15', 'San Eduardo',  'S',  'admin',  '2012-05-11 09:11:40',  'admin',  '2012-05-11 09:11:40'),
('15664', '15', 'San José De Pare', 'S',  'admin',  '2012-05-11 09:11:40',  'admin',  '2012-05-11 09:11:40'),
('15667', '15', 'San Luis De Gaceno', 'S',  'admin',  '2012-05-11 09:11:40',  'admin',  '2012-05-11 09:11:40'),
('15673', '15', 'San Mateo',  'S',  'admin',  '2012-05-11 09:11:40',  'admin',  '2012-05-11 09:11:40'),
('15676', '15', 'San Miguel De Sema', 'S',  'admin',  '2012-05-11 09:11:40',  'admin',  '2012-05-11 09:11:40'),
('15681', '15', 'San Pablo De Borbur',  'S',  'admin',  '2012-05-11 09:11:40',  'admin',  '2012-05-11 09:11:40'),
('15686', '15', 'Santana',  'S',  'admin',  '2012-05-11 09:11:40',  'admin',  '2012-05-11 09:11:40'),
('15690', '15', 'Santa María',  'S',  'admin',  '2012-05-11 09:11:40',  'admin',  '2012-05-11 09:11:40'),
('15693', '15', 'Santa Rosa De Viterbo',  'S',  'admin',  '2012-05-11 09:11:40',  'admin',  '2012-05-11 09:11:40'),
('15696', '15', 'Santa Sofía',  'S',  'admin',  '2012-05-11 09:11:40',  'admin',  '2012-05-11 09:11:40'),
('15720', '15', 'Sativanorte',  'S',  'admin',  '2012-05-11 09:11:40',  'admin',  '2012-05-11 09:11:40'),
('15723', '15', 'Sativasur',  'S',  'admin',  '2012-05-11 09:11:40',  'admin',  '2012-05-11 09:11:40'),
('15740', '15', 'Siachoque',  'S',  'admin',  '2012-05-11 09:11:40',  'admin',  '2012-05-11 09:11:40'),
('15753', '15', 'Soatá',  'S',  'admin',  '2012-05-11 09:11:40',  'admin',  '2012-05-11 09:11:40'),
('15755', '15', 'Socotá', 'S',  'admin',  '2012-05-11 09:11:40',  'admin',  '2012-05-11 09:11:40'),
('15757', '15', 'Socha',  'S',  'admin',  '2012-05-11 09:11:40',  'admin',  '2012-05-11 09:11:40'),
('15759', '15', 'Sogamoso', 'S',  'admin',  '2012-05-11 09:11:40',  'admin',  '2012-05-11 09:11:40'),
('15761', '15', 'Somondoco',  'S',  'admin',  '2012-05-11 09:11:40',  'admin',  '2012-05-11 09:11:40'),
('15762', '15', 'Sora', 'S',  'admin',  '2012-05-11 09:11:40',  'admin',  '2012-05-11 09:11:40'),
('15763', '15', 'Sotaquirá',  'S',  'admin',  '2012-05-11 09:11:40',  'admin',  '2012-05-11 09:11:40'),
('15764', '15', 'Soracá', 'S',  'admin',  '2012-05-11 09:11:40',  'admin',  '2012-05-11 09:11:40'),
('15774', '15', 'Susacón',  'S',  'admin',  '2012-05-11 09:11:40',  'admin',  '2012-05-11 09:11:40'),
('15776', '15', 'Sutamarchán',  'S',  'admin',  '2012-05-11 09:11:40',  'admin',  '2012-05-11 09:11:40'),
('15778', '15', 'Sutatenza',  'S',  'admin',  '2012-05-11 09:11:40',  'admin',  '2012-05-11 09:11:40'),
('15790', '15', 'Tasco',  'S',  'admin',  '2012-05-11 09:11:40',  'admin',  '2012-05-11 09:11:40'),
('15798', '15', 'Tenza',  'S',  'admin',  '2012-05-11 09:11:40',  'admin',  '2012-05-11 09:11:40'),
('15804', '15', 'Tibaná', 'S',  'admin',  '2012-05-11 09:11:40',  'admin',  '2012-05-11 09:11:40'),
('15806', '15', 'Tibasosa', 'S',  'admin',  '2012-05-11 09:11:40',  'admin',  '2012-05-11 09:11:40'),
('15808', '15', 'Tinjacá',  'S',  'admin',  '2012-05-11 09:11:40',  'admin',  '2012-05-11 09:11:40'),
('15810', '15', 'Tipacoque',  'S',  'admin',  '2012-05-11 09:11:40',  'admin',  '2012-05-11 09:11:40'),
('15814', '15', 'Toca', 'S',  'admin',  '2012-05-11 09:11:40',  'admin',  '2012-05-11 09:11:40'),
('15816', '15', 'Togüí',  'S',  'admin',  '2012-05-11 09:11:40',  'admin',  '2012-05-11 09:11:40'),
('15820', '15', 'Tópaga', 'S',  'admin',  '2012-05-11 09:11:40',  'admin',  '2012-05-11 09:11:40'),
('15822', '15', 'Tota', 'S',  'admin',  '2012-05-11 09:11:40',  'admin',  '2012-05-11 09:11:40'),
('15832', '15', 'Tununguá', 'S',  'admin',  '2012-05-11 09:11:40',  'admin',  '2012-05-11 09:11:40'),
('15835', '15', 'Turmequé', 'S',  'admin',  '2012-05-11 09:11:40',  'admin',  '2012-05-11 09:11:40'),
('15837', '15', 'Tuta', 'S',  'admin',  '2012-05-11 09:11:40',  'admin',  '2012-05-11 09:11:40'),
('15839', '15', 'Tutazá', 'S',  'admin',  '2012-05-11 09:11:40',  'admin',  '2012-05-11 09:11:40'),
('15842', '15', 'Umbita', 'S',  'admin',  '2012-05-11 09:11:40',  'admin',  '2012-05-11 09:11:40'),
('15861', '15', 'Ventaquemada', 'S',  'admin',  '2012-05-11 09:11:40',  'admin',  '2012-05-11 09:11:40'),
('15879', '15', 'Viracachá',  'S',  'admin',  '2012-05-11 09:11:40',  'admin',  '2012-05-11 09:11:40'),
('15897', '15', 'Zetaquira',  'S',  'admin',  '2012-05-11 09:11:40',  'admin',  '2012-05-11 09:11:40'),
('17001', '17', 'Manizales',  'S',  'admin',  '2012-05-11 09:11:40',  'admin',  '2012-05-11 09:11:40'),
('17013', '17', 'Aguadas',  'S',  'admin',  '2012-05-11 09:11:40',  'admin',  '2012-05-11 09:11:40'),
('17042', '17', 'Anserma',  'S',  'admin',  '2012-05-11 09:11:40',  'admin',  '2012-05-11 09:11:40'),
('17050', '17', 'Aranzazu', 'S',  'admin',  '2012-05-11 09:11:40',  'admin',  '2012-05-11 09:11:40'),
('17088', '17', 'Belalcázar', 'S',  'admin',  '2012-05-11 09:11:40',  'admin',  '2012-05-11 09:11:40'),
('17174', '17', 'Chinchiná',  'S',  'admin',  '2012-05-11 09:11:40',  'admin',  '2012-05-11 09:11:40'),
('17272', '17', 'Filadelfia', 'S',  'admin',  '2012-05-11 09:11:40',  'admin',  '2012-05-11 09:11:40'),
('17380', '17', 'La Dorada',  'S',  'admin',  '2012-05-11 09:11:40',  'admin',  '2012-05-11 09:11:40'),
('17388', '17', 'La Merced',  'S',  'admin',  '2012-05-11 09:11:40',  'admin',  '2012-05-11 09:11:40'),
('17433', '17', 'Manzanares', 'S',  'admin',  '2012-05-11 09:11:40',  'admin',  '2012-05-11 09:11:40'),
('17442', '17', 'Marmato',  'S',  'admin',  '2012-05-11 09:11:40',  'admin',  '2012-05-11 09:11:40'),
('17444', '17', 'Marquetalia',  'S',  'admin',  '2012-05-11 09:11:40',  'admin',  '2012-05-11 09:11:40'),
('17446', '17', 'Marulanda',  'S',  'admin',  '2012-05-11 09:11:40',  'admin',  '2012-05-11 09:11:40'),
('17486', '17', 'Neira',  'S',  'admin',  '2012-05-11 09:11:40',  'admin',  '2012-05-11 09:11:40'),
('17495', '17', 'Norcasia', 'S',  'admin',  '2012-05-11 09:11:40',  'admin',  '2012-05-11 09:11:40'),
('17513', '17', 'Pácora', 'S',  'admin',  '2012-05-11 09:11:40',  'admin',  '2012-05-11 09:11:40'),
('17524', '17', 'Palestina',  'S',  'admin',  '2012-05-11 09:11:40',  'admin',  '2012-05-11 09:11:40'),
('17541', '17', 'Pensilvania',  'S',  'admin',  '2012-05-11 09:11:40',  'admin',  '2012-05-11 09:11:40'),
('17614', '17', 'Riosucio', 'S',  'admin',  '2012-05-11 09:11:40',  'admin',  '2012-05-11 09:11:40'),
('17616', '17', 'Risaralda',  'S',  'admin',  '2012-05-11 09:11:40',  'admin',  '2012-05-11 09:11:40'),
('17653', '17', 'Salamina', 'S',  'admin',  '2012-05-11 09:11:40',  'admin',  '2012-05-11 09:11:40'),
('17662', '17', 'Samaná', 'S',  'admin',  '2012-05-11 09:11:40',  'admin',  '2012-05-11 09:11:40'),
('17665', '17', 'San José', 'S',  'admin',  '2012-05-11 09:11:40',  'admin',  '2012-05-11 09:11:40'),
('17777', '17', 'Supía',  'S',  'admin',  '2012-05-11 09:11:40',  'admin',  '2012-05-11 09:11:40'),
('17867', '17', 'Victoria', 'S',  'admin',  '2012-05-11 09:11:40',  'admin',  '2012-05-11 09:11:40'),
('17873', '17', 'Villamaría', 'S',  'admin',  '2012-05-11 09:11:40',  'admin',  '2012-05-11 09:11:40'),
('17877', '17', 'Viterbo',  'S',  'admin',  '2012-05-11 09:11:40',  'admin',  '2012-05-11 09:11:40'),
('18001', '18', 'Florencia',  'S',  'admin',  '2012-05-11 09:11:40',  'admin',  '2012-05-11 09:11:40'),
('18029', '18', 'Albania',  'S',  'admin',  '2012-05-11 09:11:40',  'admin',  '2012-05-11 09:11:40'),
('18094', '18', 'Belén De Los Andaquies', 'S',  'admin',  '2012-05-11 09:11:40',  'admin',  '2012-05-11 09:11:40'),
('18150', '18', 'Cartagena Del Chairá', 'S',  'admin',  '2012-05-11 09:11:40',  'admin',  '2012-05-11 09:11:40'),
('18205', '18', 'Curillo',  'S',  'admin',  '2012-05-11 09:11:40',  'admin',  '2012-05-11 09:11:40'),
('18247', '18', 'El Doncello',  'S',  'admin',  '2012-05-11 09:11:40',  'admin',  '2012-05-11 09:11:40'),
('18256', '18', 'El Paujil',  'S',  'admin',  '2012-05-11 09:11:40',  'admin',  '2012-05-11 09:11:40'),
('18410', '18', 'La Montañita', 'S',  'admin',  '2012-05-11 09:11:40',  'admin',  '2012-05-11 09:11:40'),
('18460', '18', 'Milán',  'S',  'admin',  '2012-05-11 09:11:40',  'admin',  '2012-05-11 09:11:40'),
('18479', '18', 'Morelia',  'S',  'admin',  '2012-05-11 09:11:40',  'admin',  '2012-05-11 09:11:40'),
('18592', '18', 'Puerto Rico',  'S',  'admin',  '2012-05-11 09:11:40',  'admin',  '2012-05-11 09:11:40'),
('18610', '18', 'San José Del Fragua',  'S',  'admin',  '2012-05-11 09:11:40',  'admin',  '2012-05-11 09:11:40'),
('18753', '18', 'San Vicente Del Caguán', 'S',  'admin',  '2012-05-11 09:11:40',  'admin',  '2012-05-11 09:11:40'),
('18756', '18', 'Solano', 'S',  'admin',  '2012-05-11 09:11:40',  'admin',  '2012-05-11 09:11:40'),
('18785', '18', 'Solita', 'S',  'admin',  '2012-05-11 09:11:40',  'admin',  '2012-05-11 09:11:40'),
('18860', '18', 'Valparaíso', 'S',  'admin',  '2012-05-11 09:11:40',  'admin',  '2012-05-11 09:11:40'),
('19001', '19', 'Popayán',  'S',  'admin',  '2012-05-11 09:11:40',  'admin',  '2012-05-11 09:11:40'),
('19022', '19', 'Almaguer', 'S',  'admin',  '2012-05-11 09:11:40',  'admin',  '2012-05-11 09:11:40'),
('19050', '19', 'Argelia',  'S',  'admin',  '2012-05-11 09:11:40',  'admin',  '2012-05-11 09:11:40'),
('19075', '19', 'Balboa', 'S',  'admin',  '2012-05-11 09:11:40',  'admin',  '2012-05-11 09:11:40'),
('19100', '19', 'Bolívar',  'S',  'admin',  '2012-05-11 09:11:40',  'admin',  '2012-05-11 09:11:40'),
('19110', '19', 'Buenos Aires', 'S',  'admin',  '2012-05-11 09:11:40',  'admin',  '2012-05-11 09:11:40'),
('19130', '19', 'Cajibío',  'S',  'admin',  '2012-05-11 09:11:40',  'admin',  '2012-05-11 09:11:40'),
('19137', '19', 'Caldono',  'S',  'admin',  '2012-05-11 09:11:40',  'admin',  '2012-05-11 09:11:40'),
('19142', '19', 'Caloto', 'S',  'admin',  '2012-05-11 09:11:40',  'admin',  '2012-05-11 09:11:40'),
('19212', '19', 'Corinto',  'S',  'admin',  '2012-05-11 09:11:40',  'admin',  '2012-05-11 09:11:40'),
('19256', '19', 'El Tambo', 'S',  'admin',  '2012-05-11 09:11:40',  'admin',  '2012-05-11 09:11:40'),
('19290', '19', 'Florencia',  'S',  'admin',  '2012-05-11 09:11:40',  'admin',  '2012-05-11 09:11:40'),
('19318', '19', 'Guapi',  'S',  'admin',  '2012-05-11 09:11:40',  'admin',  '2012-05-11 09:11:40'),
('19355', '19', 'Inzá', 'S',  'admin',  '2012-05-11 09:11:40',  'admin',  '2012-05-11 09:11:40'),
('19364', '19', 'Jambaló',  'S',  'admin',  '2012-05-11 09:11:40',  'admin',  '2012-05-11 09:11:40'),
('19392', '19', 'La Sierra',  'S',  'admin',  '2012-05-11 09:11:40',  'admin',  '2012-05-11 09:11:40'),
('19397', '19', 'La Vega',  'S',  'admin',  '2012-05-11 09:11:40',  'admin',  '2012-05-11 09:11:40'),
('19418', '19', 'López',  'S',  'admin',  '2012-05-11 09:11:40',  'admin',  '2012-05-11 09:11:40'),
('19450', '19', 'Mercaderes', 'S',  'admin',  '2012-05-11 09:11:40',  'admin',  '2012-05-11 09:11:40'),
('19455', '19', 'Miranda',  'S',  'admin',  '2012-05-11 09:11:40',  'admin',  '2012-05-11 09:11:40'),
('19473', '19', 'Morales',  'S',  'admin',  '2012-05-11 09:11:40',  'admin',  '2012-05-11 09:11:40'),
('19513', '19', 'Padilla',  'S',  'admin',  '2012-05-11 09:11:40',  'admin',  '2012-05-11 09:11:40'),
('19517', '19', 'Paez', 'S',  'admin',  '2012-05-11 09:11:40',  'admin',  '2012-05-11 09:11:40'),
('19532', '19', 'Patía',  'S',  'admin',  '2012-05-11 09:11:40',  'admin',  '2012-05-11 09:11:40'),
('19533', '19', 'Piamonte', 'S',  'admin',  '2012-05-11 09:11:40',  'admin',  '2012-05-11 09:11:40'),
('19548', '19', 'Piendamó', 'S',  'admin',  '2012-05-11 09:11:40',  'admin',  '2012-05-11 09:11:40'),
('19573', '19', 'Puerto Tejada',  'S',  'admin',  '2012-05-11 09:11:40',  'admin',  '2012-05-11 09:11:40'),
('19585', '19', 'Puracé', 'S',  'admin',  '2012-05-11 09:11:40',  'admin',  '2012-05-11 09:11:40'),
('19622', '19', 'Rosas',  'S',  'admin',  '2012-05-11 09:11:40',  'admin',  '2012-05-11 09:11:40'),
('19693', '19', 'San Sebastián',  'S',  'admin',  '2012-05-11 09:11:40',  'admin',  '2012-05-11 09:11:40'),
('19698', '19', 'Santander De Quilichao', 'S',  'admin',  '2012-05-11 09:11:40',  'admin',  '2012-05-11 09:11:40'),
('19701', '19', 'Santa Rosa', 'S',  'admin',  '2012-05-11 09:11:40',  'admin',  '2012-05-11 09:11:40'),
('19743', '19', 'Silvia', 'S',  'admin',  '2012-05-11 09:11:40',  'admin',  '2012-05-11 09:11:40'),
('19760', '19', 'Sotara', 'S',  'admin',  '2012-05-11 09:11:40',  'admin',  '2012-05-11 09:11:40'),
('19780', '19', 'Suárez', 'S',  'admin',  '2012-05-11 09:11:40',  'admin',  '2012-05-11 09:11:40'),
('19785', '19', 'Sucre',  'S',  'admin',  '2012-05-11 09:11:40',  'admin',  '2012-05-11 09:11:40'),
('19807', '19', 'Timbío', 'S',  'admin',  '2012-05-11 09:11:40',  'admin',  '2012-05-11 09:11:40'),
('19809', '19', 'Timbiquí', 'S',  'admin',  '2012-05-11 09:11:40',  'admin',  '2012-05-11 09:11:40'),
('19821', '19', 'Toribio',  'S',  'admin',  '2012-05-11 09:11:40',  'admin',  '2012-05-11 09:11:40'),
('19824', '19', 'Totoró', 'S',  'admin',  '2012-05-11 09:11:40',  'admin',  '2012-05-11 09:11:40'),
('19845', '19', 'Villa Rica', 'S',  'admin',  '2012-05-11 09:11:40',  'admin',  '2012-05-11 09:11:40'),
('20001', '20', 'Valledupar', 'S',  'admin',  '2012-05-11 09:11:40',  'admin',  '2012-05-11 09:11:40'),
('20011', '20', 'Aguachica',  'S',  'admin',  '2012-05-11 09:11:40',  'admin',  '2012-05-11 09:11:40'),
('20013', '20', 'Agustín Codazzi',  'S',  'admin',  '2012-05-11 09:11:40',  'admin',  '2012-05-11 09:11:40'),
('20032', '20', 'Astrea', 'S',  'admin',  '2012-05-11 09:11:40',  'admin',  '2012-05-11 09:11:40'),
('20045', '20', 'Becerril', 'S',  'admin',  '2012-05-11 09:11:40',  'admin',  '2012-05-11 09:11:40'),
('20060', '20', 'Bosconia', 'S',  'admin',  '2012-05-11 09:11:40',  'admin',  '2012-05-11 09:11:40'),
('20175', '20', 'Chimichagua',  'S',  'admin',  '2012-05-11 09:11:40',  'admin',  '2012-05-11 09:11:40'),
('20178', '20', 'Chiriguaná', 'S',  'admin',  '2012-05-11 09:11:40',  'admin',  '2012-05-11 09:11:40'),
('20228', '20', 'Curumaní', 'S',  'admin',  '2012-05-11 09:11:40',  'admin',  '2012-05-11 09:11:40'),
('20238', '20', 'El Copey', 'S',  'admin',  '2012-05-11 09:11:40',  'admin',  '2012-05-11 09:11:40'),
('20250', '20', 'El Paso',  'S',  'admin',  '2012-05-11 09:11:40',  'admin',  '2012-05-11 09:11:40'),
('20295', '20', 'Gamarra',  'S',  'admin',  '2012-05-11 09:11:40',  'admin',  '2012-05-11 09:11:40'),
('20310', '20', 'González', 'S',  'admin',  '2012-05-11 09:11:40',  'admin',  '2012-05-11 09:11:40'),
('20383', '20', 'La Gloria',  'S',  'admin',  '2012-05-11 09:11:40',  'admin',  '2012-05-11 09:11:40'),
('20400', '20', 'La Jagua De Ibirico',  'S',  'admin',  '2012-05-11 09:11:40',  'admin',  '2012-05-11 09:11:40'),
('20443', '20', 'Manaure',  'S',  'admin',  '2012-05-11 09:11:40',  'admin',  '2012-05-11 09:11:40'),
('20517', '20', 'Pailitas', 'S',  'admin',  '2012-05-11 09:11:40',  'admin',  '2012-05-11 09:11:40'),
('20550', '20', 'Pelaya', 'S',  'admin',  '2012-05-11 09:11:40',  'admin',  '2012-05-11 09:11:40'),
('20570', '20', 'Pueblo Bello', 'S',  'admin',  '2012-05-11 09:11:40',  'admin',  '2012-05-11 09:11:40'),
('20614', '20', 'Río De Oro', 'S',  'admin',  '2012-05-11 09:11:40',  'admin',  '2012-05-11 09:11:40'),
('20621', '20', 'La Paz', 'S',  'admin',  '2012-05-11 09:11:40',  'admin',  '2012-05-11 09:11:40'),
('20710', '20', 'San Alberto',  'S',  'admin',  '2012-05-11 09:11:40',  'admin',  '2012-05-11 09:11:40'),
('20750', '20', 'San Diego',  'S',  'admin',  '2012-05-11 09:11:40',  'admin',  '2012-05-11 09:11:40'),
('20770', '20', 'San Martín', 'S',  'admin',  '2012-05-11 09:11:40',  'admin',  '2012-05-11 09:11:40'),
('20787', '20', 'Tamalameque',  'S',  'admin',  '2012-05-11 09:11:40',  'admin',  '2012-05-11 09:11:40'),
('23001', '23', 'Montería', 'S',  'admin',  '2012-05-11 09:11:40',  'admin',  '2012-05-11 09:11:40'),
('23068', '23', 'Ayapel', 'S',  'admin',  '2012-05-11 09:11:40',  'admin',  '2012-05-11 09:11:40'),
('23079', '23', 'Buenavista', 'S',  'admin',  '2012-05-11 09:11:40',  'admin',  '2012-05-11 09:11:40'),
('23090', '23', 'Canalete', 'S',  'admin',  '2012-05-11 09:11:40',  'admin',  '2012-05-11 09:11:40'),
('23162', '23', 'Cereté', 'S',  'admin',  '2012-05-11 09:11:40',  'admin',  '2012-05-11 09:11:40'),
('23168', '23', 'Chimá',  'S',  'admin',  '2012-05-11 09:11:40',  'admin',  '2012-05-11 09:11:40'),
('23182', '23', 'Chinú',  'S',  'admin',  '2012-05-11 09:11:40',  'admin',  '2012-05-11 09:11:40'),
('23189', '23', 'Ciénaga De Oro', 'S',  'admin',  '2012-05-11 09:11:40',  'admin',  '2012-05-11 09:11:40'),
('23300', '23', 'Cotorra',  'S',  'admin',  '2012-05-11 09:11:40',  'admin',  '2012-05-11 09:11:40'),
('23350', '23', 'La Apartada',  'S',  'admin',  '2012-05-11 09:11:40',  'admin',  '2012-05-11 09:11:40'),
('23417', '23', 'Lorica', 'S',  'admin',  '2012-05-11 09:11:40',  'admin',  '2012-05-11 09:11:40'),
('23419', '23', 'Los Córdobas', 'S',  'admin',  '2012-05-11 09:11:40',  'admin',  '2012-05-11 09:11:40'),
('23464', '23', 'Momil',  'S',  'admin',  '2012-05-11 09:11:40',  'admin',  '2012-05-11 09:11:40'),
('23466', '23', 'Montelíbano',  'S',  'admin',  '2012-05-11 09:11:40',  'admin',  '2012-05-11 09:11:40'),
('23500', '23', 'Moñitos',  'S',  'admin',  '2012-05-11 09:11:40',  'admin',  '2012-05-11 09:11:40'),
('23555', '23', 'Planeta Rica', 'S',  'admin',  '2012-05-11 09:11:40',  'admin',  '2012-05-11 09:11:40'),
('23570', '23', 'Pueblo Nuevo', 'S',  'admin',  '2012-05-11 09:11:40',  'admin',  '2012-05-11 09:11:40'),
('23574', '23', 'Puerto Escondido', 'S',  'admin',  '2012-05-11 09:11:40',  'admin',  '2012-05-11 09:11:40'),
('23580', '23', 'Puerto Libertador',  'S',  'admin',  '2012-05-11 09:11:40',  'admin',  '2012-05-11 09:11:40'),
('23586', '23', 'Purísima', 'S',  'admin',  '2012-05-11 09:11:40',  'admin',  '2012-05-11 09:11:40'),
('23660', '23', 'Sahagún',  'S',  'admin',  '2012-05-11 09:11:40',  'admin',  '2012-05-11 09:11:40'),
('23670', '23', 'San Andrés Sotavento', 'S',  'admin',  '2012-05-11 09:11:40',  'admin',  '2012-05-11 09:11:40'),
('23672', '23', 'San Antero', 'S',  'admin',  '2012-05-11 09:11:40',  'admin',  '2012-05-11 09:11:40'),
('23675', '23', 'San Bernardo Del Viento',  'S',  'admin',  '2012-05-11 09:11:40',  'admin',  '2012-05-11 09:11:40'),
('23678', '23', 'San Carlos', 'S',  'admin',  '2012-05-11 09:11:40',  'admin',  '2012-05-11 09:11:40'),
('23686', '23', 'San Pelayo', 'S',  'admin',  '2012-05-11 09:11:40',  'admin',  '2012-05-11 09:11:40'),
('23807', '23', 'Tierralta',  'S',  'admin',  '2012-05-11 09:11:40',  'admin',  '2012-05-11 09:11:40'),
('23855', '23', 'Valencia', 'S',  'admin',  '2012-05-11 09:11:40',  'admin',  '2012-05-11 09:11:40'),
('25001', '25', 'Agua De Dios', 'S',  'admin',  '2012-05-11 09:11:40',  'admin',  '2012-05-11 09:11:40'),
('25019', '25', 'Albán',  'S',  'admin',  '2012-05-11 09:11:40',  'admin',  '2012-05-11 09:11:40'),
('25035', '25', 'Anapoima', 'S',  'admin',  '2012-05-11 09:11:40',  'admin',  '2012-05-11 09:11:40'),
('25040', '25', 'Anolaima', 'S',  'admin',  '2012-05-11 09:11:40',  'admin',  '2012-05-11 09:11:40'),
('25053', '25', 'Arbeláez', 'S',  'admin',  '2012-05-11 09:11:40',  'admin',  '2012-05-11 09:11:40'),
('25086', '25', 'Beltrán',  'S',  'admin',  '2012-05-11 09:11:40',  'admin',  '2012-05-11 09:11:40'),
('25095', '25', 'Bituima',  'S',  'admin',  '2012-05-11 09:11:40',  'admin',  '2012-05-11 09:11:40'),
('25099', '25', 'Bojacá', 'S',  'admin',  '2012-05-11 09:11:40',  'admin',  '2012-05-11 09:11:40'),
('25120', '25', 'Cabrera',  'S',  'admin',  '2012-05-11 09:11:40',  'admin',  '2012-05-11 09:11:40'),
('25123', '25', 'Cachipay', 'S',  'admin',  '2012-05-11 09:11:40',  'admin',  '2012-05-11 09:11:40'),
('25126', '25', 'Cajicá', 'S',  'admin',  '2012-05-11 09:11:40',  'admin',  '2012-05-11 09:11:40'),
('25148', '25', 'Caparrapí',  'S',  'admin',  '2012-05-11 09:11:40',  'admin',  '2012-05-11 09:11:40'),
('25151', '25', 'Caqueza',  'S',  'admin',  '2012-05-11 09:11:40',  'admin',  '2012-05-11 09:11:40'),
('25154', '25', 'Carmen De Carupa', 'S',  'admin',  '2012-05-11 09:11:40',  'admin',  '2012-05-11 09:11:40'),
('25168', '25', 'Chaguaní', 'S',  'admin',  '2012-05-11 09:11:40',  'admin',  '2012-05-11 09:11:40'),
('25175', '25', 'Chía', 'S',  'admin',  '2012-05-11 09:11:40',  'admin',  '2012-05-11 09:11:40'),
('25178', '25', 'Chipaque', 'S',  'admin',  '2012-05-11 09:11:40',  'admin',  '2012-05-11 09:11:40'),
('25181', '25', 'Choachí',  'S',  'admin',  '2012-05-11 09:11:40',  'admin',  '2012-05-11 09:11:40'),
('25183', '25', 'Chocontá', 'S',  'admin',  '2012-05-11 09:11:40',  'admin',  '2012-05-11 09:11:40'),
('25200', '25', 'Cogua',  'S',  'admin',  '2012-05-11 09:11:40',  'admin',  '2012-05-11 09:11:40'),
('25214', '25', 'Cota', 'S',  'admin',  '2012-05-11 09:11:40',  'admin',  '2012-05-11 09:11:40'),
('25224', '25', 'Cucunubá', 'S',  'admin',  '2012-05-11 09:11:40',  'admin',  '2012-05-11 09:11:40'),
('25245', '25', 'El Colegio', 'S',  'admin',  '2012-05-11 09:11:40',  'admin',  '2012-05-11 09:11:40'),
('25258', '25', 'El Peñón', 'S',  'admin',  '2012-05-11 09:11:40',  'admin',  '2012-05-11 09:11:40'),
('25260', '25', 'El Rosal', 'S',  'admin',  '2012-05-11 09:11:40',  'admin',  '2012-05-11 09:11:40'),
('25269', '25', 'Facatativá', 'S',  'admin',  '2012-05-11 09:11:40',  'admin',  '2012-05-11 09:11:40'),
('25279', '25', 'Fomeque',  'S',  'admin',  '2012-05-11 09:11:40',  'admin',  '2012-05-11 09:11:40'),
('25281', '25', 'Fosca',  'S',  'admin',  '2012-05-11 09:11:40',  'admin',  '2012-05-11 09:11:40'),
('25286', '25', 'Funza',  'S',  'admin',  '2012-05-11 09:11:40',  'admin',  '2012-05-11 09:11:40'),
('25288', '25', 'Fúquene',  'S',  'admin',  '2012-05-11 09:11:40',  'admin',  '2012-05-11 09:11:40'),
('25290', '25', 'Fusagasugá', 'S',  'admin',  '2012-05-11 09:11:40',  'admin',  '2012-05-11 09:11:40'),
('25293', '25', 'Gachala',  'S',  'admin',  '2012-05-11 09:11:40',  'admin',  '2012-05-11 09:11:40'),
('25295', '25', 'Gachancipá', 'S',  'admin',  '2012-05-11 09:11:40',  'admin',  '2012-05-11 09:11:40'),
('25297', '25', 'Gachetá',  'S',  'admin',  '2012-05-11 09:11:40',  'admin',  '2012-05-11 09:11:40'),
('25299', '25', 'Gama', 'S',  'admin',  '2012-05-11 09:11:40',  'admin',  '2012-05-11 09:11:40'),
('25307', '25', 'Girardot', 'S',  'admin',  '2012-05-11 09:11:40',  'admin',  '2012-05-11 09:11:40'),
('25312', '25', 'Granada',  'S',  'admin',  '2012-05-11 09:11:40',  'admin',  '2012-05-11 09:11:40'),
('25317', '25', 'Guachetá', 'S',  'admin',  '2012-05-11 09:11:40',  'admin',  '2012-05-11 09:11:40'),
('25320', '25', 'Guaduas',  'S',  'admin',  '2012-05-11 09:11:40',  'admin',  '2012-05-11 09:11:40'),
('25322', '25', 'Guasca', 'S',  'admin',  '2012-05-11 09:11:40',  'admin',  '2012-05-11 09:11:40'),
('25324', '25', 'Guataquí', 'S',  'admin',  '2012-05-11 09:11:40',  'admin',  '2012-05-11 09:11:40'),
('25326', '25', 'Guatavita',  'S',  'admin',  '2012-05-11 09:11:40',  'admin',  '2012-05-11 09:11:40'),
('25328', '25', 'Guayabal De Siquima',  'S',  'admin',  '2012-05-11 09:11:40',  'admin',  '2012-05-11 09:11:40'),
('25335', '25', 'Guayabetal', 'S',  'admin',  '2012-05-11 09:11:40',  'admin',  '2012-05-11 09:11:40'),
('25339', '25', 'Gutiérrez',  'S',  'admin',  '2012-05-11 09:11:40',  'admin',  '2012-05-11 09:11:40'),
('25368', '25', 'Jerusalén',  'S',  'admin',  '2012-05-11 09:11:40',  'admin',  '2012-05-11 09:11:40'),
('25372', '25', 'Junín',  'S',  'admin',  '2012-05-11 09:11:40',  'admin',  '2012-05-11 09:11:40'),
('25377', '25', 'La Calera',  'S',  'admin',  '2012-05-11 09:11:40',  'admin',  '2012-05-11 09:11:40'),
('25386', '25', 'La Mesa',  'S',  'admin',  '2012-05-11 09:11:40',  'admin',  '2012-05-11 09:11:40'),
('25394', '25', 'La Palma', 'S',  'admin',  '2012-05-11 09:11:40',  'admin',  '2012-05-11 09:11:40'),
('25398', '25', 'La Peña',  'S',  'admin',  '2012-05-11 09:11:40',  'admin',  '2012-05-11 09:11:40'),
('25402', '25', 'La Vega',  'S',  'admin',  '2012-05-11 09:11:40',  'admin',  '2012-05-11 09:11:40'),
('25407', '25', 'Lenguazaque',  'S',  'admin',  '2012-05-11 09:11:40',  'admin',  '2012-05-11 09:11:40'),
('25426', '25', 'Macheta',  'S',  'admin',  '2012-05-11 09:11:40',  'admin',  '2012-05-11 09:11:40'),
('25430', '25', 'Madrid', 'S',  'admin',  '2012-05-11 09:11:40',  'admin',  '2012-05-11 09:11:40'),
('25436', '25', 'Manta',  'S',  'admin',  '2012-05-11 09:11:40',  'admin',  '2012-05-11 09:11:40'),
('25438', '25', 'Medina', 'S',  'admin',  '2012-05-11 09:11:40',  'admin',  '2012-05-11 09:11:40'),
('25473', '25', 'Mosquera', 'S',  'admin',  '2012-05-11 09:11:40',  'admin',  '2012-05-11 09:11:40'),
('25483', '25', 'Nariño', 'S',  'admin',  '2012-05-11 09:11:40',  'admin',  '2012-05-11 09:11:40'),
('25486', '25', 'Nemocón',  'S',  'admin',  '2012-05-11 09:11:40',  'admin',  '2012-05-11 09:11:40'),
('25488', '25', 'Nilo', 'S',  'admin',  '2012-05-11 09:11:40',  'admin',  '2012-05-11 09:11:40'),
('25489', '25', 'Nimaima',  'S',  'admin',  '2012-05-11 09:11:40',  'admin',  '2012-05-11 09:11:40'),
('25491', '25', 'Nocaima',  'S',  'admin',  '2012-05-11 09:11:40',  'admin',  '2012-05-11 09:11:40'),
('25506', '25', 'Venecia',  'S',  'admin',  '2012-05-11 09:11:40',  'admin',  '2012-05-11 09:11:40'),
('25513', '25', 'Pacho',  'S',  'admin',  '2012-05-11 09:11:40',  'admin',  '2012-05-11 09:11:40'),
('25518', '25', 'Paime',  'S',  'admin',  '2012-05-11 09:11:40',  'admin',  '2012-05-11 09:11:40'),
('25524', '25', 'Pandi',  'S',  'admin',  '2012-05-11 09:11:40',  'admin',  '2012-05-11 09:11:40'),
('25530', '25', 'Paratebueno',  'S',  'admin',  '2012-05-11 09:11:40',  'admin',  '2012-05-11 09:11:40'),
('25535', '25', 'Pasca',  'S',  'admin',  '2012-05-11 09:11:40',  'admin',  '2012-05-11 09:11:40'),
('25572', '25', 'Puerto Salgar',  'S',  'admin',  '2012-05-11 09:11:40',  'admin',  '2012-05-11 09:11:40'),
('25580', '25', 'Pulí', 'S',  'admin',  '2012-05-11 09:11:40',  'admin',  '2012-05-11 09:11:40'),
('25592', '25', 'Quebradanegra',  'S',  'admin',  '2012-05-11 09:11:40',  'admin',  '2012-05-11 09:11:40'),
('25594', '25', 'Quetame',  'S',  'admin',  '2012-05-11 09:11:40',  'admin',  '2012-05-11 09:11:40'),
('25596', '25', 'Quipile',  'S',  'admin',  '2012-05-11 09:11:40',  'admin',  '2012-05-11 09:11:40'),
('25599', '25', 'Apulo',  'S',  'admin',  '2012-05-11 09:11:40',  'admin',  '2012-05-11 09:11:40'),
('25612', '25', 'Ricaurte', 'S',  'admin',  '2012-05-11 09:11:40',  'admin',  '2012-05-11 09:11:40'),
('25645', '25', 'San Antonio Del Tequendama', 'S',  'admin',  '2012-05-11 09:11:40',  'admin',  '2012-05-11 09:11:40'),
('25649', '25', 'San Bernardo', 'S',  'admin',  '2012-05-11 09:11:40',  'admin',  '2012-05-11 09:11:40'),
('25653', '25', 'San Cayetano', 'S',  'admin',  '2012-05-11 09:11:40',  'admin',  '2012-05-11 09:11:40'),
('25658', '25', 'San Francisco',  'S',  'admin',  '2012-05-11 09:11:40',  'admin',  '2012-05-11 09:11:40'),
('25662', '25', 'San Juan De Río Seco', 'S',  'admin',  '2012-05-11 09:11:40',  'admin',  '2012-05-11 09:11:40'),
('25718', '25', 'Sasaima',  'S',  'admin',  '2012-05-11 09:11:40',  'admin',  '2012-05-11 09:11:40'),
('25736', '25', 'Sesquilé', 'S',  'admin',  '2012-05-11 09:11:40',  'admin',  '2012-05-11 09:11:40'),
('25740', '25', 'Sibaté', 'S',  'admin',  '2012-05-11 09:11:40',  'admin',  '2012-05-11 09:11:40'),
('25743', '25', 'Silvania', 'S',  'admin',  '2012-05-11 09:11:40',  'admin',  '2012-05-11 09:11:40'),
('25745', '25', 'Simijaca', 'S',  'admin',  '2012-05-11 09:11:40',  'admin',  '2012-05-11 09:11:40'),
('25754', '25', 'Soacha', 'S',  'admin',  '2012-05-11 09:11:40',  'admin',  '2012-05-11 09:11:40'),
('25758', '25', 'Sopó', 'S',  'admin',  '2012-05-11 09:11:40',  'admin',  '2012-05-11 09:11:40'),
('25769', '25', 'Subachoque', 'S',  'admin',  '2012-05-11 09:11:40',  'admin',  '2012-05-11 09:11:40'),
('25772', '25', 'Suesca', 'S',  'admin',  '2012-05-11 09:11:40',  'admin',  '2012-05-11 09:11:40'),
('25777', '25', 'Supatá', 'S',  'admin',  '2012-05-11 09:11:40',  'admin',  '2012-05-11 09:11:40'),
('25779', '25', 'Susa', 'S',  'admin',  '2012-05-11 09:11:40',  'admin',  '2012-05-11 09:11:40'),
('25781', '25', 'Sutatausa',  'S',  'admin',  '2012-05-11 09:11:40',  'admin',  '2012-05-11 09:11:40'),
('25785', '25', 'Tabio',  'S',  'admin',  '2012-05-11 09:11:40',  'admin',  '2012-05-11 09:11:40'),
('25793', '25', 'Tausa',  'S',  'admin',  '2012-05-11 09:11:40',  'admin',  '2012-05-11 09:11:40'),
('25797', '25', 'Tena', 'S',  'admin',  '2012-05-11 09:11:40',  'admin',  '2012-05-11 09:11:40'),
('25799', '25', 'Tenjo',  'S',  'admin',  '2012-05-11 09:11:40',  'admin',  '2012-05-11 09:11:40'),
('25805', '25', 'Tibacuy',  'S',  'admin',  '2012-05-11 09:11:40',  'admin',  '2012-05-11 09:11:40'),
('25807', '25', 'Tibirita', 'S',  'admin',  '2012-05-11 09:11:40',  'admin',  '2012-05-11 09:11:40'),
('25815', '25', 'Tocaima',  'S',  'admin',  '2012-05-11 09:11:40',  'admin',  '2012-05-11 09:11:40'),
('25817', '25', 'Tocancipá',  'S',  'admin',  '2012-05-11 09:11:40',  'admin',  '2012-05-11 09:11:40'),
('25823', '25', 'Topaipí',  'S',  'admin',  '2012-05-11 09:11:40',  'admin',  '2012-05-11 09:11:40'),
('25839', '25', 'Ubalá',  'S',  'admin',  '2012-05-11 09:11:40',  'admin',  '2012-05-11 09:11:40'),
('25841', '25', 'Ubaque', 'S',  'admin',  '2012-05-11 09:11:40',  'admin',  '2012-05-11 09:11:40'),
('25843', '25', 'Villa De San Diego De Ubate',  'S',  'admin',  '2012-05-11 09:11:40',  'admin',  '2012-05-11 09:11:40'),
('25845', '25', 'Une',  'S',  'admin',  '2012-05-11 09:11:40',  'admin',  '2012-05-11 09:11:40'),
('25851', '25', 'Útica',  'S',  'admin',  '2012-05-11 09:11:40',  'admin',  '2012-05-11 09:11:40'),
('25862', '25', 'Vergara',  'S',  'admin',  '2012-05-11 09:11:40',  'admin',  '2012-05-11 09:11:40'),
('25867', '25', 'Vianí',  'S',  'admin',  '2012-05-11 09:11:40',  'admin',  '2012-05-11 09:11:40'),
('25871', '25', 'Villagómez', 'S',  'admin',  '2012-05-11 09:11:40',  'admin',  '2012-05-11 09:11:40'),
('25873', '25', 'Villapinzón',  'S',  'admin',  '2012-05-11 09:11:40',  'admin',  '2012-05-11 09:11:40'),
('25875', '25', 'Villeta',  'S',  'admin',  '2012-05-11 09:11:40',  'admin',  '2012-05-11 09:11:40'),
('25878', '25', 'Viotá',  'S',  'admin',  '2012-05-11 09:11:40',  'admin',  '2012-05-11 09:11:40'),
('25885', '25', 'Yacopí', 'S',  'admin',  '2012-05-11 09:11:40',  'admin',  '2012-05-11 09:11:40'),
('25898', '25', 'Zipacón',  'S',  'admin',  '2012-05-11 09:11:40',  'admin',  '2012-05-11 09:11:40'),
('25899', '25', 'Zipaquirá',  'S',  'admin',  '2012-05-11 09:11:40',  'admin',  '2012-05-11 09:11:40'),
('27001', '27', 'Quibdó', 'S',  'admin',  '2012-05-11 09:11:40',  'admin',  '2012-05-11 09:11:40'),
('27006', '27', 'Acandí', 'S',  'admin',  '2012-05-11 09:11:40',  'admin',  '2012-05-11 09:11:40'),
('27025', '27', 'Alto Baudo', 'S',  'admin',  '2012-05-11 09:11:40',  'admin',  '2012-05-11 09:11:40'),
('27050', '27', 'Atrato', 'S',  'admin',  '2012-05-11 09:11:40',  'admin',  '2012-05-11 09:11:40'),
('27073', '27', 'Bagadó', 'S',  'admin',  '2012-05-11 09:11:40',  'admin',  '2012-05-11 09:11:40'),
('27075', '27', 'Bahía Solano', 'S',  'admin',  '2012-05-11 09:11:40',  'admin',  '2012-05-11 09:11:40'),
('27077', '27', 'Bajo Baudó', 'S',  'admin',  '2012-05-11 09:11:40',  'admin',  '2012-05-11 09:11:40'),
('27086', '27', 'Belén De Bajirá',  'S',  'admin',  '2012-05-11 09:11:40',  'admin',  '2012-05-11 09:11:40'),
('27099', '27', 'Bojaya', 'S',  'admin',  '2012-05-11 09:11:40',  'admin',  '2012-05-11 09:11:40'),
('27135', '27', 'El Cantón Del San Pablo',  'S',  'admin',  '2012-05-11 09:11:40',  'admin',  '2012-05-11 09:11:40'),
('27150', '27', 'Carmen Del Darien',  'S',  'admin',  '2012-05-11 09:11:40',  'admin',  '2012-05-11 09:11:40'),
('27160', '27', 'Cértegui', 'S',  'admin',  '2012-05-11 09:11:40',  'admin',  '2012-05-11 09:11:40'),
('27205', '27', 'Condoto',  'S',  'admin',  '2012-05-11 09:11:40',  'admin',  '2012-05-11 09:11:40'),
('27245', '27', 'El Carmen De Atrato',  'S',  'admin',  '2012-05-11 09:11:40',  'admin',  '2012-05-11 09:11:40'),
('27250', '27', 'El Litoral Del San Juan',  'S',  'admin',  '2012-05-11 09:11:40',  'admin',  '2012-05-11 09:11:40'),
('27361', '27', 'Istmina',  'S',  'admin',  '2012-05-11 09:11:40',  'admin',  '2012-05-11 09:11:40'),
('27372', '27', 'Juradó', 'S',  'admin',  '2012-05-11 09:11:40',  'admin',  '2012-05-11 09:11:40'),
('27413', '27', 'Lloró',  'S',  'admin',  '2012-05-11 09:11:40',  'admin',  '2012-05-11 09:11:40'),
('27425', '27', 'Medio Atrato', 'S',  'admin',  '2012-05-11 09:11:40',  'admin',  '2012-05-11 09:11:40'),
('27430', '27', 'Medio Baudó',  'S',  'admin',  '2012-05-11 09:11:40',  'admin',  '2012-05-11 09:11:40'),
('27450', '27', 'Medio San Juan', 'S',  'admin',  '2012-05-11 09:11:40',  'admin',  '2012-05-11 09:11:40'),
('27491', '27', 'Nóvita', 'S',  'admin',  '2012-05-11 09:11:40',  'admin',  '2012-05-11 09:11:40'),
('27495', '27', 'Nuquí',  'S',  'admin',  '2012-05-11 09:11:40',  'admin',  '2012-05-11 09:11:40'),
('27580', '27', 'Río Iro',  'S',  'admin',  '2012-05-11 09:11:40',  'admin',  '2012-05-11 09:11:40'),
('27600', '27', 'Río Quito',  'S',  'admin',  '2012-05-11 09:11:40',  'admin',  '2012-05-11 09:11:40'),
('27615', '27', 'Riosucio', 'S',  'admin',  '2012-05-11 09:11:40',  'admin',  '2012-05-11 09:11:40'),
('27660', '27', 'San José Del Palmar',  'S',  'admin',  '2012-05-11 09:11:40',  'admin',  '2012-05-11 09:11:40'),
('27745', '27', 'Sipí', 'S',  'admin',  '2012-05-11 09:11:40',  'admin',  '2012-05-11 09:11:40'),
('27787', '27', 'Tadó', 'S',  'admin',  '2012-05-11 09:11:40',  'admin',  '2012-05-11 09:11:40'),
('27800', '27', 'Unguía', 'S',  'admin',  '2012-05-11 09:11:40',  'admin',  '2012-05-11 09:11:40'),
('27810', '27', 'Unión Panamericana', 'S',  'admin',  '2012-05-11 09:11:40',  'admin',  '2012-05-11 09:11:40'),
('41001', '41', 'Neiva',  'S',  'admin',  '2012-05-11 09:11:40',  'admin',  '2012-05-11 09:11:40'),
('41006', '41', 'Acevedo',  'S',  'admin',  '2012-05-11 09:11:40',  'admin',  '2012-05-11 09:11:40'),
('41013', '41', 'Agrado', 'S',  'admin',  '2012-05-11 09:11:40',  'admin',  '2012-05-11 09:11:40'),
('41016', '41', 'Aipe', 'S',  'admin',  '2012-05-11 09:11:40',  'admin',  '2012-05-11 09:11:40'),
('41020', '41', 'Algeciras',  'S',  'admin',  '2012-05-11 09:11:40',  'admin',  '2012-05-11 09:11:40'),
('41026', '41', 'Altamira', 'S',  'admin',  '2012-05-11 09:11:40',  'admin',  '2012-05-11 09:11:40'),
('41078', '41', 'Baraya', 'S',  'admin',  '2012-05-11 09:11:40',  'admin',  '2012-05-11 09:11:40'),
('41132', '41', 'Campoalegre',  'S',  'admin',  '2012-05-11 09:11:40',  'admin',  '2012-05-11 09:11:40'),
('41206', '41', 'Colombia', 'S',  'admin',  '2012-05-11 09:11:40',  'admin',  '2012-05-11 09:11:40'),
('41244', '41', 'Elías',  'S',  'admin',  '2012-05-11 09:11:40',  'admin',  '2012-05-11 09:11:40'),
('41298', '41', 'Garzón', 'S',  'admin',  '2012-05-11 09:11:40',  'admin',  '2012-05-11 09:11:40'),
('41306', '41', 'Gigante',  'S',  'admin',  '2012-05-11 09:11:40',  'admin',  '2012-05-11 09:11:40'),
('41319', '41', 'Guadalupe',  'S',  'admin',  '2012-05-11 09:11:40',  'admin',  '2012-05-11 09:11:40'),
('41349', '41', 'Hobo', 'S',  'admin',  '2012-05-11 09:11:40',  'admin',  '2012-05-11 09:11:40'),
('41357', '41', 'Iquira', 'S',  'admin',  '2012-05-11 09:11:40',  'admin',  '2012-05-11 09:11:40'),
('41359', '41', 'Isnos',  'S',  'admin',  '2012-05-11 09:11:40',  'admin',  '2012-05-11 09:11:40'),
('41378', '41', 'La Argentina', 'S',  'admin',  '2012-05-11 09:11:40',  'admin',  '2012-05-11 09:11:40'),
('41396', '41', 'La Plata', 'S',  'admin',  '2012-05-11 09:11:40',  'admin',  '2012-05-11 09:11:40'),
('41483', '41', 'Nátaga', 'S',  'admin',  '2012-05-11 09:11:40',  'admin',  '2012-05-11 09:11:40'),
('41503', '41', 'Oporapa',  'S',  'admin',  '2012-05-11 09:11:40',  'admin',  '2012-05-11 09:11:40'),
('41518', '41', 'Paicol', 'S',  'admin',  '2012-05-11 09:11:40',  'admin',  '2012-05-11 09:11:40'),
('41524', '41', 'Palermo',  'S',  'admin',  '2012-05-11 09:11:40',  'admin',  '2012-05-11 09:11:40'),
('41530', '41', 'Palestina',  'S',  'admin',  '2012-05-11 09:11:40',  'admin',  '2012-05-11 09:11:40'),
('41548', '41', 'Pital',  'S',  'admin',  '2012-05-11 09:11:40',  'admin',  '2012-05-11 09:11:40'),
('41551', '41', 'Pitalito', 'S',  'admin',  '2012-05-11 09:11:40',  'admin',  '2012-05-11 09:11:40'),
('41615', '41', 'Rivera', 'S',  'admin',  '2012-05-11 09:11:40',  'admin',  '2012-05-11 09:11:40'),
('41660', '41', 'Saladoblanco', 'S',  'admin',  '2012-05-11 09:11:40',  'admin',  '2012-05-11 09:11:40'),
('41668', '41', 'San Agustín',  'S',  'admin',  '2012-05-11 09:11:40',  'admin',  '2012-05-11 09:11:40'),
('41676', '41', 'Santa María',  'S',  'admin',  '2012-05-11 09:11:40',  'admin',  '2012-05-11 09:11:40'),
('41770', '41', 'Suaza',  'S',  'admin',  '2012-05-11 09:11:40',  'admin',  '2012-05-11 09:11:40'),
('41791', '41', 'Tarqui', 'S',  'admin',  '2012-05-11 09:11:40',  'admin',  '2012-05-11 09:11:40'),
('41797', '41', 'Tesalia',  'S',  'admin',  '2012-05-11 09:11:40',  'admin',  '2012-05-11 09:11:40'),
('41799', '41', 'Tello',  'S',  'admin',  '2012-05-11 09:11:40',  'admin',  '2012-05-11 09:11:40'),
('41801', '41', 'Teruel', 'S',  'admin',  '2012-05-11 09:11:40',  'admin',  '2012-05-11 09:11:40'),
('41807', '41', 'Timaná', 'S',  'admin',  '2012-05-11 09:11:40',  'admin',  '2012-05-11 09:11:40'),
('41872', '41', 'Villavieja', 'S',  'admin',  '2012-05-11 09:11:40',  'admin',  '2012-05-11 09:11:40'),
('41885', '41', 'Yaguará',  'S',  'admin',  '2012-05-11 09:11:40',  'admin',  '2012-05-11 09:11:40'),
('44001', '44', 'Riohacha', 'S',  'admin',  '2012-05-11 09:11:40',  'admin',  '2012-05-11 09:11:40'),
('44035', '44', 'Albania',  'S',  'admin',  '2012-05-11 09:11:40',  'admin',  '2012-05-11 09:11:40'),
('44078', '44', 'Barrancas',  'S',  'admin',  '2012-05-11 09:11:40',  'admin',  '2012-05-11 09:11:40'),
('44090', '44', 'Dibulla',  'S',  'admin',  '2012-05-11 09:11:40',  'admin',  '2012-05-11 09:11:40'),
('44098', '44', 'Distracción',  'S',  'admin',  '2012-05-11 09:11:40',  'admin',  '2012-05-11 09:11:40'),
('44110', '44', 'El Molino',  'S',  'admin',  '2012-05-11 09:11:40',  'admin',  '2012-05-11 09:11:40'),
('44279', '44', 'Fonseca',  'S',  'admin',  '2012-05-11 09:11:40',  'admin',  '2012-05-11 09:11:40'),
('44378', '44', 'Hatonuevo',  'S',  'admin',  '2012-05-11 09:11:40',  'admin',  '2012-05-11 09:11:40'),
('44420', '44', 'La Jagua Del Pilar', 'S',  'admin',  '2012-05-11 09:11:40',  'admin',  '2012-05-11 09:11:40'),
('44430', '44', 'Maicao', 'S',  'admin',  '2012-05-11 09:11:40',  'admin',  '2012-05-11 09:11:40'),
('44560', '44', 'Manaure',  'S',  'admin',  '2012-05-11 09:11:40',  'admin',  '2012-05-11 09:11:40'),
('44650', '44', 'San Juan Del Cesar', 'S',  'admin',  '2012-05-11 09:11:40',  'admin',  '2012-05-11 09:11:40'),
('44847', '44', 'Uribia', 'S',  'admin',  '2012-05-11 09:11:40',  'admin',  '2012-05-11 09:11:40'),
('44855', '44', 'Urumita',  'S',  'admin',  '2012-05-11 09:11:40',  'admin',  '2012-05-11 09:11:40'),
('44874', '44', 'Villanueva', 'S',  'admin',  '2012-05-11 09:11:40',  'admin',  '2012-05-11 09:11:40'),
('47001', '47', 'Santa Marta',  'S',  'admin',  '2012-05-11 09:11:40',  'admin',  '2012-05-11 09:11:40'),
('47030', '47', 'Algarrobo',  'S',  'admin',  '2012-05-11 09:11:40',  'admin',  '2012-05-11 09:11:40'),
('47053', '47', 'Aracataca',  'S',  'admin',  '2012-05-11 09:11:40',  'admin',  '2012-05-11 09:11:40'),
('47058', '47', 'Ariguaní', 'S',  'admin',  '2012-05-11 09:11:40',  'admin',  '2012-05-11 09:11:40'),
('47161', '47', 'Cerro San Antonio',  'S',  'admin',  '2012-05-11 09:11:40',  'admin',  '2012-05-11 09:11:40'),
('47170', '47', 'Chibolo',  'S',  'admin',  '2012-05-11 09:11:40',  'admin',  '2012-05-11 09:11:40'),
('47189', '47', 'Ciénaga',  'S',  'admin',  '2012-05-11 09:11:40',  'admin',  '2012-05-11 09:11:40'),
('47205', '47', 'Concordia',  'S',  'admin',  '2012-05-11 09:11:40',  'admin',  '2012-05-11 09:11:40'),
('47245', '47', 'El Banco', 'S',  'admin',  '2012-05-11 09:11:40',  'admin',  '2012-05-11 09:11:40'),
('47258', '47', 'El Piñon', 'S',  'admin',  '2012-05-11 09:11:40',  'admin',  '2012-05-11 09:11:40'),
('47268', '47', 'El Retén', 'S',  'admin',  '2012-05-11 09:11:40',  'admin',  '2012-05-11 09:11:40'),
('47288', '47', 'Fundación',  'S',  'admin',  '2012-05-11 09:11:40',  'admin',  '2012-05-11 09:11:40'),
('47318', '47', 'Guamal', 'S',  'admin',  '2012-05-11 09:11:40',  'admin',  '2012-05-11 09:11:40'),
('47460', '47', 'Nueva Granada',  'S',  'admin',  '2012-05-11 09:11:40',  'admin',  '2012-05-11 09:11:40'),
('47541', '47', 'Pedraza',  'S',  'admin',  '2012-05-11 09:11:40',  'admin',  '2012-05-11 09:11:40'),
('47545', '47', 'Pijiño Del Carmen',  'S',  'admin',  '2012-05-11 09:11:40',  'admin',  '2012-05-11 09:11:40'),
('47551', '47', 'Pivijay',  'S',  'admin',  '2012-05-11 09:11:40',  'admin',  '2012-05-11 09:11:40'),
('47555', '47', 'Plato',  'S',  'admin',  '2012-05-11 09:11:40',  'admin',  '2012-05-11 09:11:40'),
('47570', '47', 'Puebloviejo',  'S',  'admin',  '2012-05-11 09:11:40',  'admin',  '2012-05-11 09:11:40'),
('47605', '47', 'Remolino', 'S',  'admin',  '2012-05-11 09:11:40',  'admin',  '2012-05-11 09:11:40'),
('47660', '47', 'Sabanas De San Angel', 'S',  'admin',  '2012-05-11 09:11:40',  'admin',  '2012-05-11 09:11:40'),
('47675', '47', 'Salamina', 'S',  'admin',  '2012-05-11 09:11:40',  'admin',  '2012-05-11 09:11:40'),
('47692', '47', 'San Sebastián De Buenavista',  'S',  'admin',  '2012-05-11 09:11:40',  'admin',  '2012-05-11 09:11:40'),
('47703', '47', 'San Zenón',  'S',  'admin',  '2012-05-11 09:11:40',  'admin',  '2012-05-11 09:11:40'),
('47707', '47', 'Santa Ana',  'S',  'admin',  '2012-05-11 09:11:40',  'admin',  '2012-05-11 09:11:40'),
('47720', '47', 'Santa Bárbara De Pinto', 'S',  'admin',  '2012-05-11 09:11:40',  'admin',  '2012-05-11 09:11:40'),
('47745', '47', 'Sitionuevo', 'S',  'admin',  '2012-05-11 09:11:40',  'admin',  '2012-05-11 09:11:40'),
('47798', '47', 'Tenerife', 'S',  'admin',  '2012-05-11 09:11:40',  'admin',  '2012-05-11 09:11:40'),
('47960', '47', 'Zapayán',  'S',  'admin',  '2012-05-11 09:11:40',  'admin',  '2012-05-11 09:11:40'),
('47980', '47', 'Zona Bananera',  'S',  'admin',  '2012-05-11 09:11:40',  'admin',  '2012-05-11 09:11:40'),
('50001', '50', 'Villavicencio',  'S',  'admin',  '2012-05-11 09:11:40',  'admin',  '2012-05-11 09:11:40'),
('50006', '50', 'Acacías',  'S',  'admin',  '2012-05-11 09:11:40',  'admin',  '2012-05-11 09:11:40'),
('50110', '50', 'Barranca De Upía', 'S',  'admin',  '2012-05-11 09:11:40',  'admin',  '2012-05-11 09:11:40'),
('50124', '50', 'Cabuyaro', 'S',  'admin',  '2012-05-11 09:11:40',  'admin',  '2012-05-11 09:11:40'),
('50150', '50', 'Castilla La Nueva',  'S',  'admin',  '2012-05-11 09:11:40',  'admin',  '2012-05-11 09:11:40'),
('50223', '50', 'Cubarral', 'S',  'admin',  '2012-05-11 09:11:40',  'admin',  '2012-05-11 09:11:40'),
('50226', '50', 'Cumaral',  'S',  'admin',  '2012-05-11 09:11:40',  'admin',  '2012-05-11 09:11:40'),
('50245', '50', 'El Calvario',  'S',  'admin',  '2012-05-11 09:11:40',  'admin',  '2012-05-11 09:11:40'),
('50251', '50', 'El Castillo',  'S',  'admin',  '2012-05-11 09:11:40',  'admin',  '2012-05-11 09:11:40'),
('50270', '50', 'El Dorado',  'S',  'admin',  '2012-05-11 09:11:40',  'admin',  '2012-05-11 09:11:40'),
('50287', '50', 'Fuente De Oro',  'S',  'admin',  '2012-05-11 09:11:40',  'admin',  '2012-05-11 09:11:40'),
('50313', '50', 'Granada',  'S',  'admin',  '2012-05-11 09:11:40',  'admin',  '2012-05-11 09:11:40'),
('50318', '50', 'Guamal', 'S',  'admin',  '2012-05-11 09:11:40',  'admin',  '2012-05-11 09:11:40'),
('50325', '50', 'Mapiripán',  'S',  'admin',  '2012-05-11 09:11:40',  'admin',  '2012-05-11 09:11:40'),
('50330', '50', 'Mesetas',  'S',  'admin',  '2012-05-11 09:11:40',  'admin',  '2012-05-11 09:11:40'),
('50350', '50', 'La Macarena',  'S',  'admin',  '2012-05-11 09:11:40',  'admin',  '2012-05-11 09:11:40'),
('50370', '50', 'Uribe',  'S',  'admin',  '2012-05-11 09:11:40',  'admin',  '2012-05-11 09:11:40'),
('50400', '50', 'Lejanías', 'S',  'admin',  '2012-05-11 09:11:40',  'admin',  '2012-05-11 09:11:40'),
('50450', '50', 'Puerto Concordia', 'S',  'admin',  '2012-05-11 09:11:40',  'admin',  '2012-05-11 09:11:40'),
('50568', '50', 'Puerto Gaitán',  'S',  'admin',  '2012-05-11 09:11:40',  'admin',  '2012-05-11 09:11:40'),
('50573', '50', 'Puerto López', 'S',  'admin',  '2012-05-11 09:11:40',  'admin',  '2012-05-11 09:11:40'),
('50577', '50', 'Puerto Lleras',  'S',  'admin',  '2012-05-11 09:11:40',  'admin',  '2012-05-11 09:11:40'),
('50590', '50', 'Puerto Rico',  'S',  'admin',  '2012-05-11 09:11:40',  'admin',  '2012-05-11 09:11:40'),
('50606', '50', 'Restrepo', 'S',  'admin',  '2012-05-11 09:11:40',  'admin',  '2012-05-11 09:11:40'),
('50680', '50', 'San Carlos De Guaroa', 'S',  'admin',  '2012-05-11 09:11:40',  'admin',  '2012-05-11 09:11:40'),
('50683', '50', 'San Juan De Arama',  'S',  'admin',  '2012-05-11 09:11:40',  'admin',  '2012-05-11 09:11:40'),
('50686', '50', 'San Juanito',  'S',  'admin',  '2012-05-11 09:11:40',  'admin',  '2012-05-11 09:11:40'),
('50689', '50', 'San Martín', 'S',  'admin',  '2012-05-11 09:11:40',  'admin',  '2012-05-11 09:11:40'),
('50711', '50', 'Vistahermosa', 'S',  'admin',  '2012-05-11 09:11:40',  'admin',  '2012-05-11 09:11:40'),
('52001', '52', 'Pasto',  'S',  'admin',  '2012-05-11 09:11:40',  'admin',  '2012-05-11 09:11:40'),
('52019', '52', 'Albán',  'S',  'admin',  '2012-05-11 09:11:40',  'admin',  '2012-05-11 09:11:40'),
('52022', '52', 'Aldana', 'S',  'admin',  '2012-05-11 09:11:40',  'admin',  '2012-05-11 09:11:40'),
('52036', '52', 'Ancuyá', 'S',  'admin',  '2012-05-11 09:11:40',  'admin',  '2012-05-11 09:11:40'),
('52051', '52', 'Arboleda', 'S',  'admin',  '2012-05-11 09:11:40',  'admin',  '2012-05-11 09:11:40'),
('52079', '52', 'Barbacoas',  'S',  'admin',  '2012-05-11 09:11:40',  'admin',  '2012-05-11 09:11:40'),
('52083', '52', 'Belén',  'S',  'admin',  '2012-05-11 09:11:40',  'admin',  '2012-05-11 09:11:40'),
('52110', '52', 'Buesaco',  'S',  'admin',  '2012-05-11 09:11:40',  'admin',  '2012-05-11 09:11:40'),
('52203', '52', 'Colón',  'S',  'admin',  '2012-05-11 09:11:40',  'admin',  '2012-05-11 09:11:40'),
('52207', '52', 'Consaca',  'S',  'admin',  '2012-05-11 09:11:40',  'admin',  '2012-05-11 09:11:40'),
('52210', '52', 'Contadero',  'S',  'admin',  '2012-05-11 09:11:40',  'admin',  '2012-05-11 09:11:40'),
('52215', '52', 'Córdoba',  'S',  'admin',  '2012-05-11 09:11:40',  'admin',  '2012-05-11 09:11:40'),
('52224', '52', 'Cuaspud',  'S',  'admin',  '2012-05-11 09:11:40',  'admin',  '2012-05-11 09:11:40'),
('52227', '52', 'Cumbal', 'S',  'admin',  '2012-05-11 09:11:40',  'admin',  '2012-05-11 09:11:40'),
('52233', '52', 'Cumbitara',  'S',  'admin',  '2012-05-11 09:11:40',  'admin',  '2012-05-11 09:11:40'),
('52240', '52', 'Chachagüí',  'S',  'admin',  '2012-05-11 09:11:40',  'admin',  '2012-05-11 09:11:40'),
('52250', '52', 'El Charco',  'S',  'admin',  '2012-05-11 09:11:40',  'admin',  '2012-05-11 09:11:40'),
('52254', '52', 'El Peñol', 'S',  'admin',  '2012-05-11 09:11:40',  'admin',  '2012-05-11 09:11:40'),
('52256', '52', 'El Rosario', 'S',  'admin',  '2012-05-11 09:11:40',  'admin',  '2012-05-11 09:11:40'),
('52258', '52', 'El Tablón De Gómez', 'S',  'admin',  '2012-05-11 09:11:40',  'admin',  '2012-05-11 09:11:40'),
('52260', '52', 'El Tambo', 'S',  'admin',  '2012-05-11 09:11:40',  'admin',  '2012-05-11 09:11:40'),
('52287', '52', 'Funes',  'S',  'admin',  '2012-05-11 09:11:40',  'admin',  '2012-05-11 09:11:40'),
('52317', '52', 'Guachucal',  'S',  'admin',  '2012-05-11 09:11:40',  'admin',  '2012-05-11 09:11:40'),
('52320', '52', 'Guaitarilla',  'S',  'admin',  '2012-05-11 09:11:40',  'admin',  '2012-05-11 09:11:40'),
('52323', '52', 'Gualmatán',  'S',  'admin',  '2012-05-11 09:11:40',  'admin',  '2012-05-11 09:11:40'),
('52352', '52', 'Iles', 'S',  'admin',  '2012-05-11 09:11:40',  'admin',  '2012-05-11 09:11:40'),
('52354', '52', 'Imués',  'S',  'admin',  '2012-05-11 09:11:40',  'admin',  '2012-05-11 09:11:40'),
('52356', '52', 'Ipiales',  'S',  'admin',  '2012-05-11 09:11:40',  'admin',  '2012-05-11 09:11:40'),
('52378', '52', 'La Cruz',  'S',  'admin',  '2012-05-11 09:11:40',  'admin',  '2012-05-11 09:11:40'),
('52381', '52', 'La Florida', 'S',  'admin',  '2012-05-11 09:11:40',  'admin',  '2012-05-11 09:11:40'),
('52385', '52', 'La Llanada', 'S',  'admin',  '2012-05-11 09:11:40',  'admin',  '2012-05-11 09:11:40'),
('52390', '52', 'La Tola',  'S',  'admin',  '2012-05-11 09:11:40',  'admin',  '2012-05-11 09:11:40'),
('52399', '52', 'La Unión', 'S',  'admin',  '2012-05-11 09:11:40',  'admin',  '2012-05-11 09:11:40'),
('52405', '52', 'Leiva',  'S',  'admin',  '2012-05-11 09:11:40',  'admin',  '2012-05-11 09:11:40'),
('52411', '52', 'Linares',  'S',  'admin',  '2012-05-11 09:11:40',  'admin',  '2012-05-11 09:11:40'),
('52418', '52', 'Los Andes',  'S',  'admin',  '2012-05-11 09:11:40',  'admin',  '2012-05-11 09:11:40'),
('52427', '52', 'Magüi',  'S',  'admin',  '2012-05-11 09:11:40',  'admin',  '2012-05-11 09:11:40'),
('52435', '52', 'Mallama',  'S',  'admin',  '2012-05-11 09:11:40',  'admin',  '2012-05-11 09:11:40'),
('52473', '52', 'Mosquera', 'S',  'admin',  '2012-05-11 09:11:40',  'admin',  '2012-05-11 09:11:40'),
('52480', '52', 'Nariño', 'S',  'admin',  '2012-05-11 09:11:40',  'admin',  '2012-05-11 09:11:40'),
('52490', '52', 'Olaya Herrera',  'S',  'admin',  '2012-05-11 09:11:40',  'admin',  '2012-05-11 09:11:40'),
('52506', '52', 'Ospina', 'S',  'admin',  '2012-05-11 09:11:40',  'admin',  '2012-05-11 09:11:40'),
('52520', '52', 'Francisco Pizarro',  'S',  'admin',  '2012-05-11 09:11:40',  'admin',  '2012-05-11 09:11:40'),
('52540', '52', 'Policarpa',  'S',  'admin',  '2012-05-11 09:11:40',  'admin',  '2012-05-11 09:11:40'),
('52560', '52', 'Potosí', 'S',  'admin',  '2012-05-11 09:11:40',  'admin',  '2012-05-11 09:11:40'),
('52565', '52', 'Providencia',  'S',  'admin',  '2012-05-11 09:11:40',  'admin',  '2012-05-11 09:11:40'),
('52573', '52', 'Puerres',  'S',  'admin',  '2012-05-11 09:11:40',  'admin',  '2012-05-11 09:11:40'),
('52585', '52', 'Pupiales', 'S',  'admin',  '2012-05-11 09:11:40',  'admin',  '2012-05-11 09:11:40'),
('52612', '52', 'Ricaurte', 'S',  'admin',  '2012-05-11 09:11:40',  'admin',  '2012-05-11 09:11:40'),
('52621', '52', 'Roberto Payán',  'S',  'admin',  '2012-05-11 09:11:40',  'admin',  '2012-05-11 09:11:40'),
('52678', '52', 'Samaniego',  'S',  'admin',  '2012-05-11 09:11:40',  'admin',  '2012-05-11 09:11:40'),
('52683', '52', 'Sandoná',  'S',  'admin',  '2012-05-11 09:11:40',  'admin',  '2012-05-11 09:11:40'),
('52685', '52', 'San Bernardo', 'S',  'admin',  '2012-05-11 09:11:40',  'admin',  '2012-05-11 09:11:40'),
('52687', '52', 'San Lorenzo',  'S',  'admin',  '2012-05-11 09:11:40',  'admin',  '2012-05-11 09:11:40'),
('52693', '52', 'San Pablo',  'S',  'admin',  '2012-05-11 09:11:40',  'admin',  '2012-05-11 09:11:40'),
('52694', '52', 'San Pedro De Cartago', 'S',  'admin',  '2012-05-11 09:11:40',  'admin',  '2012-05-11 09:11:40'),
('52696', '52', 'Santa Bárbara',  'S',  'admin',  '2012-05-11 09:11:40',  'admin',  '2012-05-11 09:11:40'),
('52699', '52', 'Santacruz',  'S',  'admin',  '2012-05-11 09:11:40',  'admin',  '2012-05-11 09:11:40'),
('52720', '52', 'Sapuyes',  'S',  'admin',  '2012-05-11 09:11:40',  'admin',  '2012-05-11 09:11:40'),
('52786', '52', 'Taminango',  'S',  'admin',  '2012-05-11 09:11:40',  'admin',  '2012-05-11 09:11:40'),
('52788', '52', 'Tangua', 'S',  'admin',  '2012-05-11 09:11:40',  'admin',  '2012-05-11 09:11:40'),
('52835', '52', 'Tumaco', 'S',  'admin',  '2012-05-11 09:11:40',  'admin',  '2012-05-11 09:11:40'),
('52838', '52', 'Túquerres',  'S',  'admin',  '2012-05-11 09:11:40',  'admin',  '2012-05-11 09:11:40'),
('52885', '52', 'Yacuanquer', 'S',  'admin',  '2012-05-11 09:11:40',  'admin',  '2012-05-11 09:11:40'),
('54001', '54', 'Cúcuta', 'S',  'admin',  '2012-05-11 09:11:40',  'admin',  '2012-05-11 09:11:40'),
('54003', '54', 'Abrego', 'S',  'admin',  '2012-05-11 09:11:40',  'admin',  '2012-05-11 09:11:40'),
('54051', '54', 'Arboledas',  'S',  'admin',  '2012-05-11 09:11:40',  'admin',  '2012-05-11 09:11:40'),
('54099', '54', 'Bochalema',  'S',  'admin',  '2012-05-11 09:11:40',  'admin',  '2012-05-11 09:11:40'),
('54109', '54', 'Bucarasica', 'S',  'admin',  '2012-05-11 09:11:40',  'admin',  '2012-05-11 09:11:40'),
('54125', '54', 'Cácota', 'S',  'admin',  '2012-05-11 09:11:40',  'admin',  '2012-05-11 09:11:40'),
('54128', '54', 'Cachirá',  'S',  'admin',  '2012-05-11 09:11:40',  'admin',  '2012-05-11 09:11:40'),
('54172', '54', 'Chinácota',  'S',  'admin',  '2012-05-11 09:11:40',  'admin',  '2012-05-11 09:11:40'),
('54174', '54', 'Chitagá',  'S',  'admin',  '2012-05-11 09:11:40',  'admin',  '2012-05-11 09:11:40'),
('54206', '54', 'Convención', 'S',  'admin',  '2012-05-11 09:11:40',  'admin',  '2012-05-11 09:11:40'),
('54223', '54', 'Cucutilla',  'S',  'admin',  '2012-05-11 09:11:40',  'admin',  '2012-05-11 09:11:40'),
('54239', '54', 'Durania',  'S',  'admin',  '2012-05-11 09:11:40',  'admin',  '2012-05-11 09:11:40'),
('54245', '54', 'El Carmen',  'S',  'admin',  '2012-05-11 09:11:40',  'admin',  '2012-05-11 09:11:40'),
('54250', '54', 'El Tarra', 'S',  'admin',  '2012-05-11 09:11:40',  'admin',  '2012-05-11 09:11:40'),
('54261', '54', 'El Zulia', 'S',  'admin',  '2012-05-11 09:11:40',  'admin',  '2012-05-11 09:11:40'),
('54313', '54', 'Gramalote',  'S',  'admin',  '2012-05-11 09:11:40',  'admin',  '2012-05-11 09:11:40'),
('54344', '54', 'Hacarí', 'S',  'admin',  '2012-05-11 09:11:40',  'admin',  '2012-05-11 09:11:40'),
('54347', '54', 'Herrán', 'S',  'admin',  '2012-05-11 09:11:40',  'admin',  '2012-05-11 09:11:40'),
('54377', '54', 'Labateca', 'S',  'admin',  '2012-05-11 09:11:40',  'admin',  '2012-05-11 09:11:40'),
('54385', '54', 'La Esperanza', 'S',  'admin',  '2012-05-11 09:11:40',  'admin',  '2012-05-11 09:11:40'),
('54398', '54', 'La Playa', 'S',  'admin',  '2012-05-11 09:11:40',  'admin',  '2012-05-11 09:11:40'),
('54405', '54', 'Los Patios', 'S',  'admin',  '2012-05-11 09:11:40',  'admin',  '2012-05-11 09:11:40'),
('54418', '54', 'Lourdes',  'S',  'admin',  '2012-05-11 09:11:40',  'admin',  '2012-05-11 09:11:40'),
('54480', '54', 'Mutiscua', 'S',  'admin',  '2012-05-11 09:11:40',  'admin',  '2012-05-11 09:11:40'),
('54498', '54', 'Ocaña',  'S',  'admin',  '2012-05-11 09:11:40',  'admin',  '2012-05-11 09:11:40'),
('54518', '54', 'Pamplona', 'S',  'admin',  '2012-05-11 09:11:40',  'admin',  '2012-05-11 09:11:40'),
('54520', '54', 'Pamplonita', 'S',  'admin',  '2012-05-11 09:11:40',  'admin',  '2012-05-11 09:11:40'),
('54553', '54', 'Puerto Santander', 'S',  'admin',  '2012-05-11 09:11:40',  'admin',  '2012-05-11 09:11:40'),
('54599', '54', 'Ragonvalia', 'S',  'admin',  '2012-05-11 09:11:40',  'admin',  '2012-05-11 09:11:40'),
('54660', '54', 'Salazar',  'S',  'admin',  '2012-05-11 09:11:40',  'admin',  '2012-05-11 09:11:40'),
('54670', '54', 'San Calixto',  'S',  'admin',  '2012-05-11 09:11:40',  'admin',  '2012-05-11 09:11:40'),
('54673', '54', 'San Cayetano', 'S',  'admin',  '2012-05-11 09:11:40',  'admin',  '2012-05-11 09:11:40'),
('54680', '54', 'Santiago', 'S',  'admin',  '2012-05-11 09:11:40',  'admin',  '2012-05-11 09:11:40'),
('54720', '54', 'Sardinata',  'S',  'admin',  '2012-05-11 09:11:40',  'admin',  '2012-05-11 09:11:40'),
('54743', '54', 'Silos',  'S',  'admin',  '2012-05-11 09:11:40',  'admin',  '2012-05-11 09:11:40'),
('54800', '54', 'Teorama',  'S',  'admin',  '2012-05-11 09:11:40',  'admin',  '2012-05-11 09:11:40'),
('54810', '54', 'Tibú', 'S',  'admin',  '2012-05-11 09:11:40',  'admin',  '2012-05-11 09:11:40'),
('54820', '54', 'Toledo', 'S',  'admin',  '2012-05-11 09:11:40',  'admin',  '2012-05-11 09:11:40'),
('54871', '54', 'Villa Caro', 'S',  'admin',  '2012-05-11 09:11:40',  'admin',  '2012-05-11 09:11:40'),
('54874', '54', 'Villa Del Rosario',  'S',  'admin',  '2012-05-11 09:11:40',  'admin',  '2012-05-11 09:11:40'),
('63001', '63', 'Armenia',  'S',  'admin',  '2012-05-11 09:11:40',  'admin',  '2012-05-11 09:11:40'),
('63111', '63', 'Buenavista', 'S',  'admin',  '2012-05-11 09:11:40',  'admin',  '2012-05-11 09:11:40'),
('63130', '63', 'Calarca',  'S',  'admin',  '2012-05-11 09:11:40',  'admin',  '2012-05-11 09:11:40'),
('63190', '63', 'Circasia', 'S',  'admin',  '2012-05-11 09:11:40',  'admin',  '2012-05-11 09:11:40'),
('63212', '63', 'Córdoba',  'S',  'admin',  '2012-05-11 09:11:40',  'admin',  '2012-05-11 09:11:40'),
('63272', '63', 'Filandia', 'S',  'admin',  '2012-05-11 09:11:40',  'admin',  '2012-05-11 09:11:40'),
('63302', '63', 'Génova', 'S',  'admin',  '2012-05-11 09:11:40',  'admin',  '2012-05-11 09:11:40'),
('63401', '63', 'La Tebaida', 'S',  'admin',  '2012-05-11 09:11:40',  'admin',  '2012-05-11 09:11:40'),
('63470', '63', 'Montenegro', 'S',  'admin',  '2012-05-11 09:11:40',  'admin',  '2012-05-11 09:11:40'),
('63548', '63', 'Pijao',  'S',  'admin',  '2012-05-11 09:11:40',  'admin',  '2012-05-11 09:11:40'),
('63594', '63', 'Quimbaya', 'S',  'admin',  '2012-05-11 09:11:40',  'admin',  '2012-05-11 09:11:40'),
('63690', '63', 'Salento',  'S',  'admin',  '2012-05-11 09:11:40',  'admin',  '2012-05-11 09:11:40'),
('66001', '66', 'Pereira',  'S',  'admin',  '2012-05-11 09:11:40',  'admin',  '2012-05-11 09:11:40'),
('66045', '66', 'Apía', 'S',  'admin',  '2012-05-11 09:11:40',  'admin',  '2012-05-11 09:11:40'),
('66075', '66', 'Balboa', 'S',  'admin',  '2012-05-11 09:11:40',  'admin',  '2012-05-11 09:11:40'),
('66088', '66', 'Belén De Umbría',  'S',  'admin',  '2012-05-11 09:11:40',  'admin',  '2012-05-11 09:11:40'),
('66170', '66', 'Dosquebradas', 'S',  'admin',  '2012-05-11 09:11:40',  'admin',  '2012-05-11 09:11:40'),
('66318', '66', 'Guática',  'S',  'admin',  '2012-05-11 09:11:40',  'admin',  '2012-05-11 09:11:40'),
('66383', '66', 'La Celia', 'S',  'admin',  '2012-05-11 09:11:40',  'admin',  '2012-05-11 09:11:40'),
('66400', '66', 'La Virginia',  'S',  'admin',  '2012-05-11 09:11:40',  'admin',  '2012-05-11 09:11:40'),
('66440', '66', 'Marsella', 'S',  'admin',  '2012-05-11 09:11:40',  'admin',  '2012-05-11 09:11:40'),
('66456', '66', 'Mistrató', 'S',  'admin',  '2012-05-11 09:11:40',  'admin',  '2012-05-11 09:11:40'),
('66572', '66', 'Pueblo Rico',  'S',  'admin',  '2012-05-11 09:11:40',  'admin',  '2012-05-11 09:11:40'),
('66594', '66', 'Quinchía', 'S',  'admin',  '2012-05-11 09:11:40',  'admin',  '2012-05-11 09:11:40'),
('66682', '66', 'Santa Rosa De Cabal',  'S',  'admin',  '2012-05-11 09:11:40',  'admin',  '2012-05-11 09:11:40'),
('66687', '66', 'Santuario',  'S',  'admin',  '2012-05-11 09:11:40',  'admin',  '2012-05-11 09:11:40'),
('68001', '68', 'Bucaramanga',  'S',  'admin',  '2012-05-11 09:11:40',  'admin',  '2012-05-11 09:11:40'),
('68013', '68', 'Aguada', 'S',  'admin',  '2012-05-11 09:11:40',  'admin',  '2012-05-11 09:11:40'),
('68020', '68', 'Albania',  'S',  'admin',  '2012-05-11 09:11:40',  'admin',  '2012-05-11 09:11:40'),
('68051', '68', 'Aratoca',  'S',  'admin',  '2012-05-11 09:11:40',  'admin',  '2012-05-11 09:11:40'),
('68077', '68', 'Barbosa',  'S',  'admin',  '2012-05-11 09:11:40',  'admin',  '2012-05-11 09:11:40'),
('68079', '68', 'Barichara',  'S',  'admin',  '2012-05-11 09:11:40',  'admin',  '2012-05-11 09:11:40'),
('68081', '68', 'Barrancabermeja',  'S',  'admin',  '2012-05-11 09:11:40',  'admin',  '2012-05-11 09:11:40'),
('68092', '68', 'Betulia',  'S',  'admin',  '2012-05-11 09:11:40',  'admin',  '2012-05-11 09:11:40'),
('68101', '68', 'Bolívar',  'S',  'admin',  '2012-05-11 09:11:40',  'admin',  '2012-05-11 09:11:40'),
('68121', '68', 'Cabrera',  'S',  'admin',  '2012-05-11 09:11:40',  'admin',  '2012-05-11 09:11:40'),
('68132', '68', 'California', 'S',  'admin',  '2012-05-11 09:11:40',  'admin',  '2012-05-11 09:11:40'),
('68147', '68', 'Capitanejo', 'S',  'admin',  '2012-05-11 09:11:40',  'admin',  '2012-05-11 09:11:40'),
('68152', '68', 'Carcasí',  'S',  'admin',  '2012-05-11 09:11:40',  'admin',  '2012-05-11 09:11:40'),
('68160', '68', 'Cepitá', 'S',  'admin',  '2012-05-11 09:11:40',  'admin',  '2012-05-11 09:11:40'),
('68162', '68', 'Cerrito',  'S',  'admin',  '2012-05-11 09:11:40',  'admin',  '2012-05-11 09:11:40'),
('68167', '68', 'Charalá',  'S',  'admin',  '2012-05-11 09:11:40',  'admin',  '2012-05-11 09:11:40'),
('68169', '68', 'Charta', 'S',  'admin',  '2012-05-11 09:11:40',  'admin',  '2012-05-11 09:11:40'),
('68176', '68', 'Chima',  'S',  'admin',  '2012-05-11 09:11:40',  'admin',  '2012-05-11 09:11:40'),
('68179', '68', 'Chipatá',  'S',  'admin',  '2012-05-11 09:11:40',  'admin',  '2012-05-11 09:11:40'),
('68190', '68', 'Cimitarra',  'S',  'admin',  '2012-05-11 09:11:40',  'admin',  '2012-05-11 09:11:40'),
('68207', '68', 'Concepción', 'S',  'admin',  '2012-05-11 09:11:40',  'admin',  '2012-05-11 09:11:40'),
('68209', '68', 'Confines', 'S',  'admin',  '2012-05-11 09:11:40',  'admin',  '2012-05-11 09:11:40'),
('68211', '68', 'Contratación', 'S',  'admin',  '2012-05-11 09:11:40',  'admin',  '2012-05-11 09:11:40'),
('68217', '68', 'Coromoro', 'S',  'admin',  '2012-05-11 09:11:40',  'admin',  '2012-05-11 09:11:40'),
('68229', '68', 'Curití', 'S',  'admin',  '2012-05-11 09:11:40',  'admin',  '2012-05-11 09:11:40'),
('68235', '68', 'El Carmen De Chucurí', 'S',  'admin',  '2012-05-11 09:11:40',  'admin',  '2012-05-11 09:11:40'),
('68245', '68', 'El Guacamayo', 'S',  'admin',  '2012-05-11 09:11:40',  'admin',  '2012-05-11 09:11:40'),
('68250', '68', 'El Peñón', 'S',  'admin',  '2012-05-11 09:11:40',  'admin',  '2012-05-11 09:11:40'),
('68255', '68', 'El Playón',  'S',  'admin',  '2012-05-11 09:11:40',  'admin',  '2012-05-11 09:11:40'),
('68264', '68', 'Encino', 'S',  'admin',  '2012-05-11 09:11:40',  'admin',  '2012-05-11 09:11:40'),
('68266', '68', 'Enciso', 'S',  'admin',  '2012-05-11 09:11:40',  'admin',  '2012-05-11 09:11:40'),
('68271', '68', 'Florián',  'S',  'admin',  '2012-05-11 09:11:40',  'admin',  '2012-05-11 09:11:40'),
('68276', '68', 'Floridablanca',  'S',  'admin',  '2012-05-11 09:11:40',  'admin',  '2012-05-11 09:11:40'),
('68296', '68', 'Galán',  'S',  'admin',  '2012-05-11 09:11:40',  'admin',  '2012-05-11 09:11:40'),
('68298', '68', 'Gambita',  'S',  'admin',  '2012-05-11 09:11:40',  'admin',  '2012-05-11 09:11:40'),
('68307', '68', 'Girón',  'S',  'admin',  '2012-05-11 09:11:40',  'admin',  '2012-05-11 09:11:40'),
('68318', '68', 'Guaca',  'S',  'admin',  '2012-05-11 09:11:40',  'admin',  '2012-05-11 09:11:40'),
('68320', '68', 'Guadalupe',  'S',  'admin',  '2012-05-11 09:11:40',  'admin',  '2012-05-11 09:11:40'),
('68322', '68', 'Guapotá',  'S',  'admin',  '2012-05-11 09:11:40',  'admin',  '2012-05-11 09:11:40'),
('68324', '68', 'Guavatá',  'S',  'admin',  '2012-05-11 09:11:40',  'admin',  '2012-05-11 09:11:40'),
('68327', '68', 'Güepsa', 'S',  'admin',  '2012-05-11 09:11:40',  'admin',  '2012-05-11 09:11:40'),
('68344', '68', 'Hato', 'S',  'admin',  '2012-05-11 09:11:40',  'admin',  '2012-05-11 09:11:40'),
('68368', '68', 'Jesús María',  'S',  'admin',  '2012-05-11 09:11:40',  'admin',  '2012-05-11 09:11:40'),
('68370', '68', 'Jordán', 'S',  'admin',  '2012-05-11 09:11:40',  'admin',  '2012-05-11 09:11:40'),
('68377', '68', 'La Belleza', 'S',  'admin',  '2012-05-11 09:11:40',  'admin',  '2012-05-11 09:11:40'),
('68385', '68', 'Landázuri',  'S',  'admin',  '2012-05-11 09:11:40',  'admin',  '2012-05-11 09:11:40'),
('68397', '68', 'La Paz', 'S',  'admin',  '2012-05-11 09:11:40',  'admin',  '2012-05-11 09:11:40'),
('68406', '68', 'Lebríja',  'S',  'admin',  '2012-05-11 09:11:40',  'admin',  '2012-05-11 09:11:40'),
('68418', '68', 'Los Santos', 'S',  'admin',  '2012-05-11 09:11:40',  'admin',  '2012-05-11 09:11:40'),
('68425', '68', 'Macaravita', 'S',  'admin',  '2012-05-11 09:11:40',  'admin',  '2012-05-11 09:11:40'),
('68432', '68', 'Málaga', 'S',  'admin',  '2012-05-11 09:11:40',  'admin',  '2012-05-11 09:11:40'),
('68444', '68', 'Matanza',  'S',  'admin',  '2012-05-11 09:11:40',  'admin',  '2012-05-11 09:11:40'),
('68464', '68', 'Mogotes',  'S',  'admin',  '2012-05-11 09:11:40',  'admin',  '2012-05-11 09:11:40'),
('68468', '68', 'Molagavita', 'S',  'admin',  '2012-05-11 09:11:40',  'admin',  '2012-05-11 09:11:40'),
('68498', '68', 'Ocamonte', 'S',  'admin',  '2012-05-11 09:11:40',  'admin',  '2012-05-11 09:11:40'),
('68500', '68', 'Oiba', 'S',  'admin',  '2012-05-11 09:11:40',  'admin',  '2012-05-11 09:11:40'),
('68502', '68', 'Onzaga', 'S',  'admin',  '2012-05-11 09:11:40',  'admin',  '2012-05-11 09:11:40'),
('68522', '68', 'Palmar', 'S',  'admin',  '2012-05-11 09:11:40',  'admin',  '2012-05-11 09:11:40'),
('68524', '68', 'Palmas Del Socorro', 'S',  'admin',  '2012-05-11 09:11:40',  'admin',  '2012-05-11 09:11:40'),
('68533', '68', 'Páramo', 'S',  'admin',  '2012-05-11 09:11:40',  'admin',  '2012-05-11 09:11:40'),
('68547', '68', 'Piedecuesta',  'S',  'admin',  '2012-05-11 09:11:40',  'admin',  '2012-05-11 09:11:40'),
('68549', '68', 'Pinchote', 'S',  'admin',  '2012-05-11 09:11:40',  'admin',  '2012-05-11 09:11:40'),
('68572', '68', 'Puente Nacional',  'S',  'admin',  '2012-05-11 09:11:40',  'admin',  '2012-05-11 09:11:40'),
('68573', '68', 'Puerto Parra', 'S',  'admin',  '2012-05-11 09:11:40',  'admin',  '2012-05-11 09:11:40'),
('68575', '68', 'Puerto Wilches', 'S',  'admin',  '2012-05-11 09:11:40',  'admin',  '2012-05-11 09:11:40'),
('68615', '68', 'Rionegro', 'S',  'admin',  '2012-05-11 09:11:40',  'admin',  '2012-05-11 09:11:40'),
('68655', '68', 'Sabana De Torres', 'S',  'admin',  '2012-05-11 09:11:40',  'admin',  '2012-05-11 09:11:40'),
('68669', '68', 'San Andrés', 'S',  'admin',  '2012-05-11 09:11:40',  'admin',  '2012-05-11 09:11:40'),
('68673', '68', 'San Benito', 'S',  'admin',  '2012-05-11 09:11:40',  'admin',  '2012-05-11 09:11:40'),
('68679', '68', 'San Gil',  'S',  'admin',  '2012-05-11 09:11:40',  'admin',  '2012-05-11 09:11:40'),
('68682', '68', 'San Joaquín',  'S',  'admin',  '2012-05-11 09:11:40',  'admin',  '2012-05-11 09:11:40'),
('68684', '68', 'San José De Miranda',  'S',  'admin',  '2012-05-11 09:11:40',  'admin',  '2012-05-11 09:11:40'),
('68686', '68', 'San Miguel', 'S',  'admin',  '2012-05-11 09:11:40',  'admin',  '2012-05-11 09:11:40'),
('68689', '68', 'San Vicente De Chucurí', 'S',  'admin',  '2012-05-11 09:11:40',  'admin',  '2012-05-11 09:11:40'),
('68705', '68', 'Santa Bárbara',  'S',  'admin',  '2012-05-11 09:11:40',  'admin',  '2012-05-11 09:11:40'),
('68720', '68', 'Santa Helena Del Opón',  'S',  'admin',  '2012-05-11 09:11:40',  'admin',  '2012-05-11 09:11:40'),
('68745', '68', 'Simacota', 'S',  'admin',  '2012-05-11 09:11:40',  'admin',  '2012-05-11 09:11:40'),
('68755', '68', 'Socorro',  'S',  'admin',  '2012-05-11 09:11:40',  'admin',  '2012-05-11 09:11:40'),
('68770', '68', 'Suaita', 'S',  'admin',  '2012-05-11 09:11:40',  'admin',  '2012-05-11 09:11:40'),
('68773', '68', 'Sucre',  'S',  'admin',  '2012-05-11 09:11:40',  'admin',  '2012-05-11 09:11:40'),
('68780', '68', 'Suratá', 'S',  'admin',  '2012-05-11 09:11:40',  'admin',  '2012-05-11 09:11:40'),
('68820', '68', 'Tona', 'S',  'admin',  '2012-05-11 09:11:40',  'admin',  '2012-05-11 09:11:40'),
('68855', '68', 'Valle De San José',  'S',  'admin',  '2012-05-11 09:11:40',  'admin',  '2012-05-11 09:11:40'),
('68861', '68', 'Vélez',  'S',  'admin',  '2012-05-11 09:11:40',  'admin',  '2012-05-11 09:11:40'),
('68867', '68', 'Vetas',  'S',  'admin',  '2012-05-11 09:11:40',  'admin',  '2012-05-11 09:11:40'),
('68872', '68', 'Villanueva', 'S',  'admin',  '2012-05-11 09:11:40',  'admin',  '2012-05-11 09:11:40'),
('68895', '68', 'Zapatoca', 'S',  'admin',  '2012-05-11 09:11:40',  'admin',  '2012-05-11 09:11:40'),
('70001', '70', 'Sincelejo',  'S',  'admin',  '2012-05-11 09:11:40',  'admin',  '2012-05-11 09:11:40'),
('70110', '70', 'Buenavista', 'S',  'admin',  '2012-05-11 09:11:40',  'admin',  '2012-05-11 09:11:40'),
('70124', '70', 'Caimito',  'S',  'admin',  '2012-05-11 09:11:40',  'admin',  '2012-05-11 09:11:40'),
('70204', '70', 'Coloso', 'S',  'admin',  '2012-05-11 09:11:40',  'admin',  '2012-05-11 09:11:40'),
('70215', '70', 'Corozal',  'S',  'admin',  '2012-05-11 09:11:40',  'admin',  '2012-05-11 09:11:40'),
('70221', '70', 'Coveñas',  'S',  'admin',  '2012-05-11 09:11:40',  'admin',  '2012-05-11 09:11:40'),
('70230', '70', 'Chalán', 'S',  'admin',  '2012-05-11 09:11:40',  'admin',  '2012-05-11 09:11:40'),
('70233', '70', 'El Roble', 'S',  'admin',  '2012-05-11 09:11:40',  'admin',  '2012-05-11 09:11:40'),
('70235', '70', 'Galeras',  'S',  'admin',  '2012-05-11 09:11:40',  'admin',  '2012-05-11 09:11:40'),
('70265', '70', 'Guaranda', 'S',  'admin',  '2012-05-11 09:11:40',  'admin',  '2012-05-11 09:11:40'),
('70400', '70', 'La Unión', 'S',  'admin',  '2012-05-11 09:11:40',  'admin',  '2012-05-11 09:11:40'),
('70418', '70', 'Los Palmitos', 'S',  'admin',  '2012-05-11 09:11:40',  'admin',  '2012-05-11 09:11:40'),
('70429', '70', 'Majagual', 'S',  'admin',  '2012-05-11 09:11:40',  'admin',  '2012-05-11 09:11:40'),
('70473', '70', 'Morroa', 'S',  'admin',  '2012-05-11 09:11:40',  'admin',  '2012-05-11 09:11:40'),
('70508', '70', 'Ovejas', 'S',  'admin',  '2012-05-11 09:11:40',  'admin',  '2012-05-11 09:11:40'),
('70523', '70', 'Palmito',  'S',  'admin',  '2012-05-11 09:11:40',  'admin',  '2012-05-11 09:11:40'),
('70670', '70', 'Sampués',  'S',  'admin',  '2012-05-11 09:11:40',  'admin',  '2012-05-11 09:11:40'),
('70678', '70', 'San Benito Abad',  'S',  'admin',  '2012-05-11 09:11:40',  'admin',  '2012-05-11 09:11:40'),
('70702', '70', 'San Juan De Betulia',  'S',  'admin',  '2012-05-11 09:11:40',  'admin',  '2012-05-11 09:11:40'),
('70708', '70', 'San Marcos', 'S',  'admin',  '2012-05-11 09:11:40',  'admin',  '2012-05-11 09:11:40'),
('70713', '70', 'San Onofre', 'S',  'admin',  '2012-05-11 09:11:40',  'admin',  '2012-05-11 09:11:40'),
('70717', '70', 'San Pedro',  'S',  'admin',  '2012-05-11 09:11:40',  'admin',  '2012-05-11 09:11:40'),
('70742', '70', 'Sincé',  'S',  'admin',  '2012-05-11 09:11:40',  'admin',  '2012-05-11 09:11:40'),
('70771', '70', 'Sucre',  'S',  'admin',  '2012-05-11 09:11:40',  'admin',  '2012-05-11 09:11:40'),
('70820', '70', 'Santiago De Tolú', 'S',  'admin',  '2012-05-11 09:11:40',  'admin',  '2012-05-11 09:11:40'),
('70823', '70', 'Tolú Viejo', 'S',  'admin',  '2012-05-11 09:11:40',  'admin',  '2012-05-11 09:11:40'),
('73001', '73', 'Ibagué', 'S',  'admin',  '2012-05-11 09:11:40',  'admin',  '2012-05-11 09:11:40'),
('73024', '73', 'Alpujarra',  'S',  'admin',  '2012-05-11 09:11:40',  'admin',  '2012-05-11 09:11:40'),
('73026', '73', 'Alvarado', 'S',  'admin',  '2012-05-11 09:11:40',  'admin',  '2012-05-11 09:11:40'),
('73030', '73', 'Ambalema', 'S',  'admin',  '2012-05-11 09:11:40',  'admin',  '2012-05-11 09:11:40'),
('73043', '73', 'Anzoátegui', 'S',  'admin',  '2012-05-11 09:11:40',  'admin',  '2012-05-11 09:11:40'),
('73055', '73', 'Armero', 'S',  'admin',  '2012-05-11 09:11:40',  'admin',  '2012-05-11 09:11:40'),
('73067', '73', 'Ataco',  'S',  'admin',  '2012-05-11 09:11:40',  'admin',  '2012-05-11 09:11:40'),
('73124', '73', 'Cajamarca',  'S',  'admin',  '2012-05-11 09:11:40',  'admin',  '2012-05-11 09:11:40'),
('73148', '73', 'Carmen De Apicalá',  'S',  'admin',  '2012-05-11 09:11:40',  'admin',  '2012-05-11 09:11:40'),
('73152', '73', 'Casabianca', 'S',  'admin',  '2012-05-11 09:11:40',  'admin',  '2012-05-11 09:11:40'),
('73168', '73', 'Chaparral',  'S',  'admin',  '2012-05-11 09:11:40',  'admin',  '2012-05-11 09:11:40'),
('73200', '73', 'Coello', 'S',  'admin',  '2012-05-11 09:11:40',  'admin',  '2012-05-11 09:11:40'),
('73217', '73', 'Coyaima',  'S',  'admin',  '2012-05-11 09:11:40',  'admin',  '2012-05-11 09:11:40'),
('73226', '73', 'Cunday', 'S',  'admin',  '2012-05-11 09:11:40',  'admin',  '2012-05-11 09:11:40'),
('73236', '73', 'Dolores',  'S',  'admin',  '2012-05-11 09:11:40',  'admin',  '2012-05-11 09:11:40'),
('73268', '73', 'Espinal',  'S',  'admin',  '2012-05-11 09:11:40',  'admin',  '2012-05-11 09:11:40'),
('73270', '73', 'Falan',  'S',  'admin',  '2012-05-11 09:11:40',  'admin',  '2012-05-11 09:11:40'),
('73275', '73', 'Flandes',  'S',  'admin',  '2012-05-11 09:11:40',  'admin',  '2012-05-11 09:11:40'),
('73283', '73', 'Fresno', 'S',  'admin',  '2012-05-11 09:11:40',  'admin',  '2012-05-11 09:11:40'),
('73319', '73', 'Guamo',  'S',  'admin',  '2012-05-11 09:11:40',  'admin',  '2012-05-11 09:11:40'),
('73347', '73', 'Herveo', 'S',  'admin',  '2012-05-11 09:11:40',  'admin',  '2012-05-11 09:11:40'),
('73349', '73', 'Honda',  'S',  'admin',  '2012-05-11 09:11:40',  'admin',  '2012-05-11 09:11:40'),
('73352', '73', 'Icononzo', 'S',  'admin',  '2012-05-11 09:11:40',  'admin',  '2012-05-11 09:11:40'),
('73408', '73', 'Lérida', 'S',  'admin',  '2012-05-11 09:11:40',  'admin',  '2012-05-11 09:11:40'),
('73411', '73', 'Líbano', 'S',  'admin',  '2012-05-11 09:11:40',  'admin',  '2012-05-11 09:11:40'),
('73443', '73', 'Mariquita',  'S',  'admin',  '2012-05-11 09:11:40',  'admin',  '2012-05-11 09:11:40'),
('73449', '73', 'Melgar', 'S',  'admin',  '2012-05-11 09:11:40',  'admin',  '2012-05-11 09:11:40'),
('73461', '73', 'Murillo',  'S',  'admin',  '2012-05-11 09:11:40',  'admin',  '2012-05-11 09:11:40'),
('73483', '73', 'Natagaima',  'S',  'admin',  '2012-05-11 09:11:40',  'admin',  '2012-05-11 09:11:40'),
('73504', '73', 'Ortega', 'S',  'admin',  '2012-05-11 09:11:40',  'admin',  '2012-05-11 09:11:40'),
('73520', '73', 'Palocabildo',  'S',  'admin',  '2012-05-11 09:11:40',  'admin',  '2012-05-11 09:11:40'),
('73547', '73', 'Piedras',  'S',  'admin',  '2012-05-11 09:11:40',  'admin',  '2012-05-11 09:11:40'),
('73555', '73', 'Planadas', 'S',  'admin',  '2012-05-11 09:11:40',  'admin',  '2012-05-11 09:11:40'),
('73563', '73', 'Prado',  'S',  'admin',  '2012-05-11 09:11:40',  'admin',  '2012-05-11 09:11:40'),
('73585', '73', 'Purificación', 'S',  'admin',  '2012-05-11 09:11:40',  'admin',  '2012-05-11 09:11:40'),
('73616', '73', 'Rioblanco',  'S',  'admin',  '2012-05-11 09:11:40',  'admin',  '2012-05-11 09:11:40'),
('73622', '73', 'Roncesvalles', 'S',  'admin',  '2012-05-11 09:11:40',  'admin',  '2012-05-11 09:11:40'),
('73624', '73', 'Rovira', 'S',  'admin',  '2012-05-11 09:11:40',  'admin',  '2012-05-11 09:11:40'),
('73671', '73', 'Saldaña',  'S',  'admin',  '2012-05-11 09:11:40',  'admin',  '2012-05-11 09:11:40'),
('73675', '73', 'San Antonio',  'S',  'admin',  '2012-05-11 09:11:40',  'admin',  '2012-05-11 09:11:40'),
('73678', '73', 'San Luis', 'S',  'admin',  '2012-05-11 09:11:40',  'admin',  '2012-05-11 09:11:40'),
('73686', '73', 'Santa Isabel', 'S',  'admin',  '2012-05-11 09:11:40',  'admin',  '2012-05-11 09:11:40'),
('73770', '73', 'Suárez', 'S',  'admin',  '2012-05-11 09:11:40',  'admin',  '2012-05-11 09:11:40'),
('73854', '73', 'Valle De San Juan',  'S',  'admin',  '2012-05-11 09:11:40',  'admin',  '2012-05-11 09:11:40'),
('73861', '73', 'Venadillo',  'S',  'admin',  '2012-05-11 09:11:40',  'admin',  '2012-05-11 09:11:40'),
('73870', '73', 'Villahermosa', 'S',  'admin',  '2012-05-11 09:11:40',  'admin',  '2012-05-11 09:11:40'),
('73873', '73', 'Villarrica', 'S',  'admin',  '2012-05-11 09:11:40',  'admin',  '2012-05-11 09:11:40'),
('76001', '76', 'Cali', 'S',  'admin',  '2012-05-11 09:11:40',  'admin',  '2012-05-11 09:11:40'),
('76020', '76', 'Alcalá', 'S',  'admin',  '2012-05-11 09:11:40',  'admin',  '2012-05-11 09:11:40'),
('76036', '76', 'Andalucía',  'S',  'admin',  '2012-05-11 09:11:40',  'admin',  '2012-05-11 09:11:40'),
('76041', '76', 'Ansermanuevo', 'S',  'admin',  '2012-05-11 09:11:40',  'admin',  '2012-05-11 09:11:40'),
('76054', '76', 'Argelia',  'S',  'admin',  '2012-05-11 09:11:40',  'admin',  '2012-05-11 09:11:40'),
('76100', '76', 'Bolívar',  'S',  'admin',  '2012-05-11 09:11:40',  'admin',  '2012-05-11 09:11:40'),
('76109', '76', 'Buenaventura', 'S',  'admin',  '2012-05-11 09:11:40',  'admin',  '2012-05-11 09:11:40'),
('76111', '76', 'Guadalajara De Buga',  'S',  'admin',  '2012-05-11 09:11:40',  'admin',  '2012-05-11 09:11:40'),
('76113', '76', 'Bugalagrande', 'S',  'admin',  '2012-05-11 09:11:40',  'admin',  '2012-05-11 09:11:40'),
('76122', '76', 'Caicedonia', 'S',  'admin',  '2012-05-11 09:11:40',  'admin',  '2012-05-11 09:11:40'),
('76126', '76', 'Calima', 'S',  'admin',  '2012-05-11 09:11:40',  'admin',  '2012-05-11 09:11:40'),
('76130', '76', 'Candelaria', 'S',  'admin',  '2012-05-11 09:11:40',  'admin',  '2012-05-11 09:11:40'),
('76147', '76', 'Cartago',  'S',  'admin',  '2012-05-11 09:11:40',  'admin',  '2012-05-11 09:11:40'),
('76233', '76', 'Dagua',  'S',  'admin',  '2012-05-11 09:11:40',  'admin',  '2012-05-11 09:11:40'),
('76243', '76', 'El Águila',  'S',  'admin',  '2012-05-11 09:11:40',  'admin',  '2012-05-11 09:11:40'),
('76246', '76', 'El Cairo', 'S',  'admin',  '2012-05-11 09:11:40',  'admin',  '2012-05-11 09:11:40'),
('76248', '76', 'El Cerrito', 'S',  'admin',  '2012-05-11 09:11:40',  'admin',  '2012-05-11 09:11:40'),
('76250', '76', 'El Dovio', 'S',  'admin',  '2012-05-11 09:11:40',  'admin',  '2012-05-11 09:11:40'),
('76275', '76', 'Florida',  'S',  'admin',  '2012-05-11 09:11:40',  'admin',  '2012-05-11 09:11:40'),
('76306', '76', 'Ginebra',  'S',  'admin',  '2012-05-11 09:11:40',  'admin',  '2012-05-11 09:11:40'),
('76318', '76', 'Guacarí',  'S',  'admin',  '2012-05-11 09:11:40',  'admin',  '2012-05-11 09:11:40'),
('76364', '76', 'Jamundí',  'S',  'admin',  '2012-05-11 09:11:40',  'admin',  '2012-05-11 09:11:40'),
('76377', '76', 'La Cumbre',  'S',  'admin',  '2012-05-11 09:11:40',  'admin',  '2012-05-11 09:11:40'),
('76400', '76', 'La Unión', 'S',  'admin',  '2012-05-11 09:11:40',  'admin',  '2012-05-11 09:11:40'),
('76403', '76', 'La Victoria',  'S',  'admin',  '2012-05-11 09:11:40',  'admin',  '2012-05-11 09:11:40'),
('76497', '76', 'Obando', 'S',  'admin',  '2012-05-11 09:11:40',  'admin',  '2012-05-11 09:11:40'),
('76520', '76', 'Palmira',  'S',  'admin',  '2012-05-11 09:11:40',  'admin',  '2012-05-11 09:11:40'),
('76563', '76', 'Pradera',  'S',  'admin',  '2012-05-11 09:11:40',  'admin',  '2012-05-11 09:11:40'),
('76606', '76', 'Restrepo', 'S',  'admin',  '2012-05-11 09:11:40',  'admin',  '2012-05-11 09:11:40'),
('76616', '76', 'Riofrío',  'S',  'admin',  '2012-05-11 09:11:40',  'admin',  '2012-05-11 09:11:40'),
('76622', '76', 'Roldanillo', 'S',  'admin',  '2012-05-11 09:11:40',  'admin',  '2012-05-11 09:11:40'),
('76670', '76', 'San Pedro',  'S',  'admin',  '2012-05-11 09:11:40',  'admin',  '2012-05-11 09:11:40'),
('76736', '76', 'Sevilla',  'S',  'admin',  '2012-05-11 09:11:40',  'admin',  '2012-05-11 09:11:40'),
('76823', '76', 'Toro', 'S',  'admin',  '2012-05-11 09:11:40',  'admin',  '2012-05-11 09:11:40'),
('76828', '76', 'Trujillo', 'S',  'admin',  '2012-05-11 09:11:40',  'admin',  '2012-05-11 09:11:40'),
('76834', '76', 'Tuluá',  'S',  'admin',  '2012-05-11 09:11:40',  'admin',  '2012-05-11 09:11:40'),
('76845', '76', 'Ulloa',  'S',  'admin',  '2012-05-11 09:11:40',  'admin',  '2012-05-11 09:11:40'),
('76863', '76', 'Versalles',  'S',  'admin',  '2012-05-11 09:11:40',  'admin',  '2012-05-11 09:11:40'),
('76869', '76', 'Vijes',  'S',  'admin',  '2012-05-11 09:11:40',  'admin',  '2012-05-11 09:11:40'),
('76890', '76', 'Yotoco', 'S',  'admin',  '2012-05-11 09:11:40',  'admin',  '2012-05-11 09:11:40'),
('76892', '76', 'Yumbo',  'S',  'admin',  '2012-05-11 09:11:40',  'admin',  '2012-05-11 09:11:40'),
('76895', '76', 'Zarzal', 'S',  'admin',  '2012-05-11 09:11:40',  'admin',  '2012-05-11 09:11:40'),
('81001', '81', 'Arauca', 'S',  'admin',  '2012-05-11 09:11:40',  'admin',  '2012-05-11 09:11:40'),
('81065', '81', 'Arauquita',  'S',  'admin',  '2012-05-11 09:11:40',  'admin',  '2012-05-11 09:11:40'),
('81220', '81', 'Cravo Norte',  'S',  'admin',  '2012-05-11 09:11:40',  'admin',  '2012-05-11 09:11:40'),
('81300', '81', 'Fortul', 'S',  'admin',  '2012-05-11 09:11:40',  'admin',  '2012-05-11 09:11:40'),
('81591', '81', 'Puerto Rondón',  'S',  'admin',  '2012-05-11 09:11:40',  'admin',  '2012-05-11 09:11:40'),
('81736', '81', 'Saravena', 'S',  'admin',  '2012-05-11 09:11:40',  'admin',  '2012-05-11 09:11:40'),
('81794', '81', 'Tame', 'S',  'admin',  '2012-05-11 09:11:40',  'admin',  '2012-05-11 09:11:40'),
('85001', '85', 'Yopal',  'S',  'admin',  '2012-05-11 09:11:40',  'admin',  '2012-05-11 09:11:40'),
('85010', '85', 'Aguazul',  'S',  'admin',  '2012-05-11 09:11:40',  'admin',  '2012-05-11 09:11:40'),
('85015', '85', 'Chameza',  'S',  'admin',  '2012-05-11 09:11:40',  'admin',  '2012-05-11 09:11:40'),
('85125', '85', 'Hato Corozal', 'S',  'admin',  '2012-05-11 09:11:40',  'admin',  '2012-05-11 09:11:40'),
('85136', '85', 'La Salina',  'S',  'admin',  '2012-05-11 09:11:40',  'admin',  '2012-05-11 09:11:40'),
('85139', '85', 'Maní', 'S',  'admin',  '2012-05-11 09:11:40',  'admin',  '2012-05-11 09:11:40'),
('85162', '85', 'Monterrey',  'S',  'admin',  '2012-05-11 09:11:40',  'admin',  '2012-05-11 09:11:40'),
('85225', '85', 'Nunchía',  'S',  'admin',  '2012-05-11 09:11:40',  'admin',  '2012-05-11 09:11:40'),
('85230', '85', 'Orocué', 'S',  'admin',  '2012-05-11 09:11:40',  'admin',  '2012-05-11 09:11:40'),
('85250', '85', 'Paz De Ariporo', 'S',  'admin',  '2012-05-11 09:11:40',  'admin',  '2012-05-11 09:11:40'),
('85263', '85', 'Pore', 'S',  'admin',  '2012-05-11 09:11:40',  'admin',  '2012-05-11 09:11:40'),
('85279', '85', 'Recetor',  'S',  'admin',  '2012-05-11 09:11:40',  'admin',  '2012-05-11 09:11:40'),
('85300', '85', 'Sabanalarga',  'S',  'admin',  '2012-05-11 09:11:40',  'admin',  '2012-05-11 09:11:40'),
('85315', '85', 'Sácama', 'S',  'admin',  '2012-05-11 09:11:40',  'admin',  '2012-05-11 09:11:40'),
('85325', '85', 'San Luis De Palenque', 'S',  'admin',  '2012-05-11 09:11:40',  'admin',  '2012-05-11 09:11:40'),
('85400', '85', 'Támara', 'S',  'admin',  '2012-05-11 09:11:40',  'admin',  '2012-05-11 09:11:40'),
('85410', '85', 'Tauramena',  'S',  'admin',  '2012-05-11 09:11:40',  'admin',  '2012-05-11 09:11:40'),
('85430', '85', 'Trinidad', 'S',  'admin',  '2012-05-11 09:11:40',  'admin',  '2012-05-11 09:11:40'),
('85440', '85', 'Villanueva', 'S',  'admin',  '2012-05-11 09:11:40',  'admin',  '2012-05-11 09:11:40'),
('86001', '86', 'Mocoa',  'S',  'admin',  '2012-05-11 09:11:40',  'admin',  '2012-05-11 09:11:40'),
('86219', '86', 'Colón',  'S',  'admin',  '2012-05-11 09:11:40',  'admin',  '2012-05-11 09:11:40'),
('86320', '86', 'Orito',  'S',  'admin',  '2012-05-11 09:11:40',  'admin',  '2012-05-11 09:11:40'),
('86568', '86', 'Puerto Asís',  'S',  'admin',  '2012-05-11 09:11:40',  'admin',  '2012-05-11 09:11:40'),
('86569', '86', 'Puerto Caicedo', 'S',  'admin',  '2012-05-11 09:11:40',  'admin',  '2012-05-11 09:11:40'),
('86571', '86', 'Puerto Guzmán',  'S',  'admin',  '2012-05-11 09:11:40',  'admin',  '2012-05-11 09:11:40'),
('86573', '86', 'Leguízamo',  'S',  'admin',  '2012-05-11 09:11:40',  'admin',  '2012-05-11 09:11:40'),
('86749', '86', 'Sibundoy', 'S',  'admin',  '2012-05-11 09:11:40',  'admin',  '2012-05-11 09:11:40'),
('86755', '86', 'San Francisco',  'S',  'admin',  '2012-05-11 09:11:40',  'admin',  '2012-05-11 09:11:40'),
('86757', '86', 'San Miguel', 'S',  'admin',  '2012-05-11 09:11:40',  'admin',  '2012-05-11 09:11:40'),
('86760', '86', 'Santiago', 'S',  'admin',  '2012-05-11 09:11:40',  'admin',  '2012-05-11 09:11:40'),
('86865', '86', 'Valle Del Guamuez',  'S',  'admin',  '2012-05-11 09:11:40',  'admin',  '2012-05-11 09:11:40'),
('86885', '86', 'Villagarzón',  'S',  'admin',  '2012-05-11 09:11:40',  'admin',  '2012-05-11 09:11:40'),
('88001', '88', 'San Andrés', 'S',  'admin',  '2012-05-11 09:11:40',  'admin',  '2012-05-11 09:11:40'),
('88564', '88', 'Providencia',  'S',  'admin',  '2012-05-11 09:11:40',  'admin',  '2012-05-11 09:11:40'),
('91001', '91', 'Leticia',  'S',  'admin',  '2012-05-11 09:11:40',  'admin',  '2012-05-11 09:11:40'),
('91263', '91', 'El Encanto', 'S',  'admin',  '2012-05-11 09:11:40',  'admin',  '2012-05-11 09:11:40'),
('91405', '91', 'La Chorrera',  'S',  'admin',  '2012-05-11 09:11:40',  'admin',  '2012-05-11 09:11:40'),
('91407', '91', 'La Pedrera', 'S',  'admin',  '2012-05-11 09:11:40',  'admin',  '2012-05-11 09:11:40'),
('91430', '91', 'La Victoria',  'S',  'admin',  '2012-05-11 09:11:40',  'admin',  '2012-05-11 09:11:40'),
('91460', '91', 'Miriti - Paraná',  'S',  'admin',  '2012-05-11 09:11:40',  'admin',  '2012-05-11 09:11:40'),
('91530', '91', 'Puerto Alegría', 'S',  'admin',  '2012-05-11 09:11:40',  'admin',  '2012-05-11 09:11:40'),
('91536', '91', 'Puerto Arica', 'S',  'admin',  '2012-05-11 09:11:40',  'admin',  '2012-05-11 09:11:40'),
('91540', '91', 'Puerto Nariño',  'S',  'admin',  '2012-05-11 09:11:40',  'admin',  '2012-05-11 09:11:40'),
('91669', '91', 'Puerto Santander', 'S',  'admin',  '2012-05-11 09:11:40',  'admin',  '2012-05-11 09:11:40'),
('91798', '91', 'Tarapacá', 'S',  'admin',  '2012-05-11 09:11:40',  'admin',  '2012-05-11 09:11:40'),
('94001', '94', 'Inírida',  'S',  'admin',  '2012-05-11 09:11:40',  'admin',  '2012-05-11 09:11:40'),
('94343', '94', 'Barranco Minas', 'S',  'admin',  '2012-05-11 09:11:40',  'admin',  '2012-05-11 09:11:40'),
('94663', '94', 'Mapiripana', 'S',  'admin',  '2012-05-11 09:11:40',  'admin',  '2012-05-11 09:11:40'),
('94883', '94', 'San Felipe', 'S',  'admin',  '2012-05-11 09:11:40',  'admin',  '2012-05-11 09:11:40'),
('94884', '94', 'Puerto Colombia',  'S',  'admin',  '2012-05-11 09:11:40',  'admin',  '2012-05-11 09:11:40'),
('94885', '94', 'La Guadalupe', 'S',  'admin',  '2012-05-11 09:11:40',  'admin',  '2012-05-11 09:11:40'),
('94886', '94', 'Cacahual', 'S',  'admin',  '2012-05-11 09:11:40',  'admin',  '2012-05-11 09:11:40'),
('94887', '94', 'Pana Pana',  'S',  'admin',  '2012-05-11 09:11:40',  'admin',  '2012-05-11 09:11:40'),
('94888', '94', 'Morichal', 'S',  'admin',  '2012-05-11 09:11:40',  'admin',  '2012-05-11 09:11:40'),
('95001', '95', 'San José Del Guaviare',  'S',  'admin',  '2012-05-11 09:11:40',  'admin',  '2012-05-11 09:11:40'),
('95015', '95', 'Calamar',  'S',  'admin',  '2012-05-11 09:11:40',  'admin',  '2012-05-11 09:11:40'),
('95025', '95', 'El Retorno', 'S',  'admin',  '2012-05-11 09:11:40',  'admin',  '2012-05-11 09:11:40'),
('95200', '95', 'Miraflores', 'S',  'admin',  '2012-05-11 09:11:40',  'admin',  '2012-05-11 09:11:40'),
('97001', '97', 'Mitú', 'S',  'admin',  '2012-05-11 09:11:40',  'admin',  '2012-05-11 09:11:40'),
('97161', '97', 'Caruru', 'S',  'admin',  '2012-05-11 09:11:40',  'admin',  '2012-05-11 09:11:40'),
('97511', '97', 'Pacoa',  'S',  'admin',  '2012-05-11 09:11:40',  'admin',  '2012-05-11 09:11:40'),
('97666', '97', 'Taraira',  'S',  'admin',  '2012-05-11 09:11:40',  'admin',  '2012-05-11 09:11:40'),
('97777', '97', 'Papunaua', 'S',  'admin',  '2012-05-11 09:11:40',  'admin',  '2012-05-11 09:11:40'),
('97889', '97', 'Yavaraté', 'S',  'admin',  '2012-05-11 09:11:40',  'admin',  '2012-05-11 09:11:40'),
('99001', '99', 'Puerto Carreño', 'S',  'admin',  '2012-05-11 09:11:40',  'admin',  '2012-05-11 09:11:40'),
('99524', '99', 'La Primavera', 'S',  'admin',  '2012-05-11 09:11:40',  'admin',  '2012-05-11 09:11:40'),
('99624', '99', 'Santa Rosalía',  'S',  'admin',  '2012-05-11 09:11:40',  'admin',  '2012-05-11 09:11:40'),
('99773', '99', 'Cumaribo', 'S',  'admin',  '2012-05-11 09:11:40',  'admin',  '2012-05-11 09:11:40');

DROP TABLE IF EXISTS `unidad_medida`;
CREATE TABLE `unidad_medida` (
  `ID` int(11) NOT NULL AUTO_INCREMENT,
  `NOMBRE` varchar(64) NOT NULL COMMENT 'Nombre de la unidad de medida',
  `ABREVIATURA` varchar(5) CHARACTER SET latin1 COLLATE latin1_bin NOT NULL COMMENT 'Abreviatura de la unidad de medida',
  `TIPO` varchar(1) CHARACTER SET latin1 COLLATE latin1_bin NOT NULL COMMENT 'Tipo de unidad [L]ongitud, [V]olumen, [P]eso, etc.',
  `BASE` varchar(1) CHARACTER SET latin1 COLLATE latin1_bin NOT NULL,
  `UNIDAD_BASE` int(11) DEFAULT NULL COMMENT 'Id de la unidad base, por ejemplo, si estamos creando la unidad centimetro la unidad base seria el metro (y ya deberia existir)',
  `EQUIVALENCIA` decimal(28,8) DEFAULT NULL COMMENT 'Equivalencia de la unidad con la unidad base, por ejemplo si estamos creando el centimetro, la equivalencia con la unidad base (Metro) seria 0.01',
  `ACTIVO` varchar(1) CHARACTER SET latin1 COLLATE latin1_bin NOT NULL,
  `CREADO_POR` varchar(20) NOT NULL,
  `CREADO_EL` datetime NOT NULL,
  `ACTUALIZADO_POR` varchar(20) NOT NULL,
  `ACTUALIZADO_EL` datetime NOT NULL,
  PRIMARY KEY (`ID`),
  KEY `FK_UNIDAD_BASE` (`UNIDAD_BASE`),
  CONSTRAINT `FK_UNIDAD_BASE` FOREIGN KEY (`UNIDAD_BASE`) REFERENCES `unidad_medida` (`ID`)
) ENGINE=InnoDB AUTO_INCREMENT=10 DEFAULT CHARSET=latin1 COMMENT='Tabla que almacena las unidades de medida para los articulos';

INSERT INTO `unidad_medida` (`ID`, `NOMBRE`, `ABREVIATURA`, `TIPO`, `BASE`, `UNIDAD_BASE`, `EQUIVALENCIA`, `ACTIVO`, `CREADO_POR`, `CREADO_EL`, `ACTUALIZADO_POR`, `ACTUALIZADO_EL`) VALUES
(1, 'Unidad', 'UND',  'U',  'S',  1,  1.00000000, 'S',  'admin',  '2013-01-03 18:47:24',  'admin',  '2013-01-03 18:47:24'),
(2, 'Metro',  'Mt', 'L',  'S',  2,  1.00000000, 'S',  'admin',  '2012-06-08 18:00:05',  'admin',  '2012-06-08 18:00:05'),
(3, 'Metro3', 'M3', 'V',  'S',  3,  1.00000000, 'S',  'admin',  '2012-06-08 18:02:22',  'admin',  '2012-06-26 10:43:44'),
(4, 'Kilogramo',  'Kg', 'P',  'S',  4,  1.00000000, 'S',  'admin',  '2012-06-08 18:00:55',  'admin',  '2012-06-11 17:38:56'),
(5, 'Servicio', 'SV', 'S',  'S',  5,  1.00000000, 'S',  'admin',  '2013-01-03 18:49:44',  'admin',  '2013-01-03 18:49:44'),
(6, 'Centimentro',  'Cm', 'L',  'N',  2,  100.00000000, 'S',  'admin',  '2012-06-08 18:00:24',  'admin',  '2013-01-03 19:30:34'),
(7, 'Gramos', 'Gr', 'P',  'N',  4,  0.00000000, 'S',  'admin',  '2012-06-08 18:01:15',  'admin',  '2012-06-11 17:38:35'),
(8, 'No Aplica',  'N/A',  'V',  'S',  8,  0.00000000, 'S',  'admin',  '2013-01-25 10:29:01',  'admin',  '2013-01-25 10:29:01'),
(9, 'No Aplica',  'N/A',  'P',  'S',  9,  0.00000000, 'S',  'admin',  '2013-01-25 10:29:18',  'admin',  '2013-01-25 10:29:18');

DROP TABLE IF EXISTS `zona`;
CREATE TABLE `zona` (
  `ID` int(11) NOT NULL AUTO_INCREMENT,
  `PAIS` varchar(4) DEFAULT NULL,
  `NOMBRE` varchar(64) NOT NULL,
  `ACTIVO` varchar(1) NOT NULL,
  `CREADO_POR` varchar(20) NOT NULL,
  `CREADO_EL` datetime NOT NULL,
  `ACTUALIZADO_POR` varchar(20) NOT NULL,
  `ACTUALIZADO_EL` datetime DEFAULT NULL,
  PRIMARY KEY (`ID`),
  KEY `FK_PAIS_DE_LA_ZONA` (`PAIS`),
  CONSTRAINT `FK_PAIS_DE_LA_ZONA` FOREIGN KEY (`PAIS`) REFERENCES `pais` (`ID`)
) ENGINE=InnoDB AUTO_INCREMENT=3 DEFAULT CHARSET=latin1 COMMENT='El propósito de la tabla de datos de Zonas, es segmentar o d';


-- 2013-02-11 17:55:20